rank,sample_id,group_id,target_step,train_step,adv
1,6017aa21-74a2-419f-9544-12b0e1786b88_g6,6017aa21-74a2-419f-9544-12b0e1786b88,0,1,0.2582
2,d94d6fd0-6463-44ff-8937-ecef0f6f1e18_g12,d94d6fd0-6463-44ff-8937-ecef0f6f1e18,0,1,0.3789
3,4d3da0db-c4ea-417c-ab12-4004c3333c38_g3,4d3da0db-c4ea-417c-ab12-4004c3333c38,0,1,0.3789
4,969cf689-a9d2-4948-aa23-31915ff4879b_g13,969cf689-a9d2-4948-aa23-31915ff4879b,0,1,0.3789
5,9e1d502d-dbc3-4649-960b-ecf48b153356_g9,9e1d502d-dbc3-4649-960b-ecf48b153356,0,1,1.0000
6,d94d6fd0-6463-44ff-8937-ecef0f6f1e18_g0,d94d6fd0-6463-44ff-8937-ecef0f6f1e18,0,1,0.3789
7,a8de4bf2-8049-400e-acea-a4dae3c72a5f_g10,a8de4bf2-8049-400e-acea-a4dae3c72a5f,0,1,0.4830
8,6017aa21-74a2-419f-9544-12b0e1786b88_g5,6017aa21-74a2-419f-9544-12b0e1786b88,0,1,0.2582
9,ba87a8eb-e5b1-4ee0-84f0-bba5e0b690f2_g12,ba87a8eb-e5b1-4ee0-84f0-bba5e0b690f2,1,2,1.0000
10,0dbf2239-d183-48ad-b8f2-6116364697e2_g6,0dbf2239-d183-48ad-b8f2-6116364697e2,1,2,0.2582
11,0dbf2239-d183-48ad-b8f2-6116364697e2_g11,0dbf2239-d183-48ad-b8f2-6116364697e2,1,2,0.2582
12,7bae0acf-4bc1-4537-8a4f-da25520820a5_g3,7bae0acf-4bc1-4537-8a4f-da25520820a5,1,2,0.2582
13,bda74600-2de4-43a7-a9c6-f040a7e9b088_g4,bda74600-2de4-43a7-a9c6-f040a7e9b088,1,2,0.4830
14,14931e6b-4787-45d7-a5eb-5bde30ecfd16_g11,14931e6b-4787-45d7-a5eb-5bde30ecfd16,1,2,0.2582
15,30aee0ed-1f56-4c1c-875a-c285cced0ff1_g6,30aee0ed-1f56-4c1c-875a-c285cced0ff1,1,2,0.7888
16,7bae0acf-4bc1-4537-8a4f-da25520820a5_g9,7bae0acf-4bc1-4537-8a4f-da25520820a5,1,2,0.2582
17,bda74600-2de4-43a7-a9c6-f040a7e9b088_g6,bda74600-2de4-43a7-a9c6-f040a7e9b088,1,2,0.4830
18,7bae0acf-4bc1-4537-8a4f-da25520820a5_g1,7bae0acf-4bc1-4537-8a4f-da25520820a5,1,2,0.2582
19,b61ef338-98c0-49ff-a0eb-b513bb8b375e_g9,b61ef338-98c0-49ff-a0eb-b513bb8b375e,1,2,0.2582
20,b61ef338-98c0-49ff-a0eb-b513bb8b375e_g6,b61ef338-98c0-49ff-a0eb-b513bb8b375e,1,2,0.2582
21,21aa5b24-0dc1-471b-bdcc-e8c40a39b5bc_g3,21aa5b24-0dc1-471b-bdcc-e8c40a39b5bc,1,2,0.3789
22,bcd43ba7-a684-4760-82fd-61d756869554_g13,bcd43ba7-a684-4760-82fd-61d756869554,1,2,0.6831
23,a6fc3aa0-0d1c-40b8-bfa0-bf54539183f3_g8,a6fc3aa0-0d1c-40b8-bfa0-bf54539183f3,1,2,2.4630
24,78f11642-83f8-419e-b68c-5c25d7c68cad_g13,78f11642-83f8-419e-b68c-5c25d7c68cad,1,2,0.2582
25,68e504e7-7c18-4913-a458-48e2f5b6a93f_g10,68e504e7-7c18-4913-a458-48e2f5b6a93f,1,2,1.3663
26,21aa5b24-0dc1-471b-bdcc-e8c40a39b5bc_g11,21aa5b24-0dc1-471b-bdcc-e8c40a39b5bc,1,2,0.3789
27,24803c76-f4be-477f-ab8d-ffe1ce6bfe20_g12,24803c76-f4be-477f-ab8d-ffe1ce6bfe20,2,3,1.1832
28,1838be13-4aed-40e0-9564-e2fb4a622113_g6,1838be13-4aed-40e0-9564-e2fb4a622113,2,3,0.3789
29,e02915b3-2b56-4a9c-902e-66270a13c5ac_g2,e02915b3-2b56-4a9c-902e-66270a13c5ac,2,3,1.3663
30,09190dc1-8fce-4d30-9f25-d74086cbe809_g10,09190dc1-8fce-4d30-9f25-d74086cbe809,2,3,1.0328
31,79885c05-1693-4a4e-9473-2d3a61791b6e_g4,79885c05-1693-4a4e-9473-2d3a61791b6e,2,3,0.3789
32,24803c76-f4be-477f-ab8d-ffe1ce6bfe20_g9,24803c76-f4be-477f-ab8d-ffe1ce6bfe20,2,3,1.1832
33,21b864fa-4355-4be7-bf34-2327ae6063a0_g13,21b864fa-4355-4be7-bf34-2327ae6063a0,2,3,0.5826
34,8c0c26e2-a571-48f9-9aed-5ccabf67d9aa_g8,8c0c26e2-a571-48f9-9aed-5ccabf67d9aa,2,3,0.2582
35,04c65687-735d-4e39-bb12-e6f564f655ac_g7,04c65687-735d-4e39-bb12-e6f564f655ac,3,4,0.2582
36,04c65687-735d-4e39-bb12-e6f564f655ac_g4,04c65687-735d-4e39-bb12-e6f564f655ac,3,4,0.2582
37,04c65687-735d-4e39-bb12-e6f564f655ac_g15,04c65687-735d-4e39-bb12-e6f564f655ac,3,4,0.2582
38,ca078618-65ae-4eac-90f9-e1c9570eb978_g7,ca078618-65ae-4eac-90f9-e1c9570eb978,3,4,1.1832
39,54a5ff9e-058d-44f9-be31-2d168d91f6ba_g14,54a5ff9e-058d-44f9-be31-2d168d91f6ba,3,4,0.6831
40,d6403eaf-424c-4463-bdae-a2db7f7a5f41_g14,d6403eaf-424c-4463-bdae-a2db7f7a5f41,3,4,0.3789
41,10394d43-9b64-4524-ae44-456465b189fd_g15,10394d43-9b64-4524-ae44-456465b189fd,3,4,0.2582
42,10394d43-9b64-4524-ae44-456465b189fd_g2,10394d43-9b64-4524-ae44-456465b189fd,3,4,0.2582
43,10394d43-9b64-4524-ae44-456465b189fd_g4,10394d43-9b64-4524-ae44-456465b189fd,3,4,0.2582
44,a20c22a0-5cbf-46df-b143-5e1791939543_g11,a20c22a0-5cbf-46df-b143-5e1791939543,3,4,0.3789
45,d6403eaf-424c-4463-bdae-a2db7f7a5f41_g13,d6403eaf-424c-4463-bdae-a2db7f7a5f41,3,4,0.3789
46,49be1bd8-5323-47b5-be1b-97b1e169ce05_g10,49be1bd8-5323-47b5-be1b-97b1e169ce05,3,4,0.6831
47,542e1891-d794-4ade-aec4-906e01cd79b2_g1,542e1891-d794-4ade-aec4-906e01cd79b2,3,4,0.3789
48,10394d43-9b64-4524-ae44-456465b189fd_g10,10394d43-9b64-4524-ae44-456465b189fd,3,4,0.2582
49,586164ab-c826-48fd-82d6-f6ee2ca09b86_g15,586164ab-c826-48fd-82d6-f6ee2ca09b86,3,4,0.2582
50,bded70bb-0b1f-45a2-82c2-ec84c470ed65_g9,bded70bb-0b1f-45a2-82c2-ec84c470ed65,3,4,0.7888
51,54a5ff9e-058d-44f9-be31-2d168d91f6ba_g5,54a5ff9e-058d-44f9-be31-2d168d91f6ba,3,4,0.6831
52,542e1891-d794-4ade-aec4-906e01cd79b2_g3,542e1891-d794-4ade-aec4-906e01cd79b2,3,4,0.3789
53,bded70bb-0b1f-45a2-82c2-ec84c470ed65_g7,bded70bb-0b1f-45a2-82c2-ec84c470ed65,3,4,0.7888
54,02c0ab67-bf95-4fa8-9582-424eb447549d_g15,02c0ab67-bf95-4fa8-9582-424eb447549d,4,5,1.9322
55,1610e5fc-e688-4cf9-8a0f-72a76357d4d6_g15,1610e5fc-e688-4cf9-8a0f-72a76357d4d6,4,5,0.3789
56,1610e5fc-e688-4cf9-8a0f-72a76357d4d6_g10,1610e5fc-e688-4cf9-8a0f-72a76357d4d6,4,5,0.3789
57,6d8fa569-3f56-4380-bc57-6a1005c2336e_g5,6d8fa569-3f56-4380-bc57-6a1005c2336e,4,5,0.2582
58,1610e5fc-e688-4cf9-8a0f-72a76357d4d6_g5,1610e5fc-e688-4cf9-8a0f-72a76357d4d6,4,5,0.3789
59,d68a5381-6af8-4b97-96e8-e208730be8cf_g15,d68a5381-6af8-4b97-96e8-e208730be8cf,4,5,1.9322
60,23fb6b89-7873-44f4-8a86-51c23e231df9_g5,23fb6b89-7873-44f4-8a86-51c23e231df9,5,6,0.7888
61,67f697b9-7348-466f-bd91-8ff454e8e687_g0,67f697b9-7348-466f-bd91-8ff454e8e687,5,6,0.2582
62,e8bb5b92-9abf-4f59-9fed-a39af12af3a8_g3,e8bb5b92-9abf-4f59-9fed-a39af12af3a8,5,6,1.6021
63,167788d2-e751-40b4-8fef-6db1ab75e362_g1,167788d2-e751-40b4-8fef-6db1ab75e362,5,6,0.9037
64,db63b020-b0a7-4979-a472-ae3da605b160_g7,db63b020-b0a7-4979-a472-ae3da605b160,5,6,1.3663
65,13c092ad-b918-46a1-9552-de9dcc956643_g10,13c092ad-b918-46a1-9552-de9dcc956643,5,6,0.2582
66,6fafa6b7-318c-42f6-9e31-c8c8235fef0e_g13,6fafa6b7-318c-42f6-9e31-c8c8235fef0e,5,6,1.6021
67,67d16517-645b-423e-945a-a946b1fd25d8_g9,67d16517-645b-423e-945a-a946b1fd25d8,5,6,1.3663
68,167788d2-e751-40b4-8fef-6db1ab75e362_g15,167788d2-e751-40b4-8fef-6db1ab75e362,5,6,0.9037
69,9e31454c-9a3e-450c-95f8-41ecf8073e3d_g13,9e31454c-9a3e-450c-95f8-41ecf8073e3d,5,6,3.6148
70,1751e9c6-49d6-41fc-85f7-06ae6efa1cc1_g4,1751e9c6-49d6-41fc-85f7-06ae6efa1cc1,5,6,0.3789
71,1751e9c6-49d6-41fc-85f7-06ae6efa1cc1_g2,1751e9c6-49d6-41fc-85f7-06ae6efa1cc1,5,6,0.3789
72,23079a4d-4c08-49c2-9eca-236670b0ba20_g13,23079a4d-4c08-49c2-9eca-236670b0ba20,5,6,1.0000
73,8fbc568b-ff36-41d4-b6b1-7c1863c0285f_g8,8fbc568b-ff36-41d4-b6b1-7c1863c0285f,5,6,0.5826
74,13c092ad-b918-46a1-9552-de9dcc956643_g0,13c092ad-b918-46a1-9552-de9dcc956643,5,6,0.2582
75,2713bf8f-50c1-4cdd-aa2f-e947fc5b75d8_g4,2713bf8f-50c1-4cdd-aa2f-e947fc5b75d8,5,6,0.4830
76,67f697b9-7348-466f-bd91-8ff454e8e687_g7,67f697b9-7348-466f-bd91-8ff454e8e687,5,6,0.2582
77,6fafa6b7-318c-42f6-9e31-c8c8235fef0e_g11,6fafa6b7-318c-42f6-9e31-c8c8235fef0e,5,6,1.6021
78,1751e9c6-49d6-41fc-85f7-06ae6efa1cc1_g9,1751e9c6-49d6-41fc-85f7-06ae6efa1cc1,5,6,0.3789
79,13c092ad-b918-46a1-9552-de9dcc956643_g14,13c092ad-b918-46a1-9552-de9dcc956643,5,6,0.2582
80,881047fd-e828-425f-ae07-a657298ff42c_g8,881047fd-e828-425f-ae07-a657298ff42c,5,6,0.2582
81,1751e9c6-49d6-41fc-85f7-06ae6efa1cc1_g10,1751e9c6-49d6-41fc-85f7-06ae6efa1cc1,5,6,0.3789
82,b30feaa4-69b0-4b75-8e63-a563d8aabe79_g2,b30feaa4-69b0-4b75-8e63-a563d8aabe79,5,6,1.1832
83,1db71d44-461f-4389-9dab-385204329ef0_g11,1db71d44-461f-4389-9dab-385204329ef0,6,7,0.6831
84,ca6e662f-823d-4e97-a85e-22179dc61495_g2,ca6e662f-823d-4e97-a85e-22179dc61495,6,7,0.5826
85,1db71d44-461f-4389-9dab-385204329ef0_g14,1db71d44-461f-4389-9dab-385204329ef0,6,7,0.6831
86,ca6e662f-823d-4e97-a85e-22179dc61495_g8,ca6e662f-823d-4e97-a85e-22179dc61495,6,7,0.5826
87,1b760c1d-f207-41f6-a6b8-1c3397b897ed_g7,1b760c1d-f207-41f6-a6b8-1c3397b897ed,6,7,1.0328
88,0081e0c3-7230-467c-948f-9a5889c218ae_g7,0081e0c3-7230-467c-948f-9a5889c218ae,6,7,0.2582
89,32a791a4-f8b2-4a28-a035-d9052fd7da83_g11,32a791a4-f8b2-4a28-a035-d9052fd7da83,6,7,1.0328
90,55e69e34-5ed9-4d38-a744-9b5a608e1a78_g7,55e69e34-5ed9-4d38-a744-9b5a608e1a78,6,7,0.4830
91,32a791a4-f8b2-4a28-a035-d9052fd7da83_g13,32a791a4-f8b2-4a28-a035-d9052fd7da83,6,7,1.0328
92,de019681-37cb-47b0-add2-d16775c04dcb_g9,de019681-37cb-47b0-add2-d16775c04dcb,6,7,0.6831
93,c64aeb12-23ce-4fd0-972a-0599ce4e41b2_g4,c64aeb12-23ce-4fd0-972a-0599ce4e41b2,6,7,1.9322
94,dc4e0fb9-5a8f-4569-a6ca-9b3b809b20a2_g8,dc4e0fb9-5a8f-4569-a6ca-9b3b809b20a2,6,7,0.9037
95,ca6e662f-823d-4e97-a85e-22179dc61495_g5,ca6e662f-823d-4e97-a85e-22179dc61495,6,7,0.5826
96,55e69e34-5ed9-4d38-a744-9b5a608e1a78_g5,55e69e34-5ed9-4d38-a744-9b5a608e1a78,6,7,0.4830
97,1b760c1d-f207-41f6-a6b8-1c3397b897ed_g14,1b760c1d-f207-41f6-a6b8-1c3397b897ed,6,7,1.0328
98,20fcf1fc-9cec-4e42-bf50-f521a6b4cb77_g5,20fcf1fc-9cec-4e42-bf50-f521a6b4cb77,7,8,0.6831
99,980abbd3-e2e2-468c-b63e-5733e7d32689_g1,980abbd3-e2e2-468c-b63e-5733e7d32689,7,8,0.3789
100,909f425b-3669-4a31-b513-36107dbe031e_g3,909f425b-3669-4a31-b513-36107dbe031e,7,8,0.3789
101,980abbd3-e2e2-468c-b63e-5733e7d32689_g10,980abbd3-e2e2-468c-b63e-5733e7d32689,7,8,0.3789
102,48109bec-1d69-422c-aae7-22c82abf04fc_g4,48109bec-1d69-422c-aae7-22c82abf04fc,7,8,0.3789
103,48109bec-1d69-422c-aae7-22c82abf04fc_g1,48109bec-1d69-422c-aae7-22c82abf04fc,7,8,0.3789
104,909f425b-3669-4a31-b513-36107dbe031e_g5,909f425b-3669-4a31-b513-36107dbe031e,7,8,0.3789
105,909f425b-3669-4a31-b513-36107dbe031e_g2,909f425b-3669-4a31-b513-36107dbe031e,7,8,0.3789
106,4f62fffc-5135-46dd-9e69-c72c606923f9_g11,4f62fffc-5135-46dd-9e69-c72c606923f9,8,9,0.4830
107,f9e8d4d9-e3cd-42bb-acec-18e6f296d419_g6,f9e8d4d9-e3cd-42bb-acec-18e6f296d419,8,9,0.2582
108,c71a622f-c1eb-4652-a48f-c693b5bab855_g13,c71a622f-c1eb-4652-a48f-c693b5bab855,8,9,0.7888
109,f9e8d4d9-e3cd-42bb-acec-18e6f296d419_g8,f9e8d4d9-e3cd-42bb-acec-18e6f296d419,8,9,0.2582
110,0cea9e4a-3338-4cd6-8d1c-cd9db83126ca_g3,0cea9e4a-3338-4cd6-8d1c-cd9db83126ca,8,9,0.6831
111,b0d51576-aaa2-480b-a15e-6f71a055e269_g15,b0d51576-aaa2-480b-a15e-6f71a055e269,8,9,2.4630
112,75ea054e-6b5c-4a29-a159-dd47add01027_g5,75ea054e-6b5c-4a29-a159-dd47add01027,8,9,0.2582
113,75ea054e-6b5c-4a29-a159-dd47add01027_g1,75ea054e-6b5c-4a29-a159-dd47add01027,8,9,0.2582
114,b9b26eda-cb36-410b-8932-11766d335fe3_g3,b9b26eda-cb36-410b-8932-11766d335fe3,8,9,1.6021
115,75ea054e-6b5c-4a29-a159-dd47add01027_g2,75ea054e-6b5c-4a29-a159-dd47add01027,8,9,0.2582
116,4f62fffc-5135-46dd-9e69-c72c606923f9_g5,4f62fffc-5135-46dd-9e69-c72c606923f9,8,9,0.4830
117,be830689-6f6d-4ec9-9b15-202eb70c472e_g7,be830689-6f6d-4ec9-9b15-202eb70c472e,9,10,1.3663
118,364525ac-9c3b-4b96-8f5c-d74d807c1bd8_g10,364525ac-9c3b-4b96-8f5c-d74d807c1bd8,9,10,3.6148
119,d8afa391-a4f1-41f3-a9e6-9411802cfc1a_g13,d8afa391-a4f1-41f3-a9e6-9411802cfc1a,9,10,0.9037
120,c5ee5934-1740-4b7b-a593-6dc4f010a9a8_g14,c5ee5934-1740-4b7b-a593-6dc4f010a9a8,9,10,0.3789
121,8eaea730-90c3-4da9-b64d-6e18cbf6b633_g9,8eaea730-90c3-4da9-b64d-6e18cbf6b633,9,10,0.2582
122,3aa82286-ac72-46d1-ba97-d91e74a6d67e_g5,3aa82286-ac72-46d1-ba97-d91e74a6d67e,9,10,0.3789
123,c5ee5934-1740-4b7b-a593-6dc4f010a9a8_g1,c5ee5934-1740-4b7b-a593-6dc4f010a9a8,9,10,0.3789
124,c5ee5934-1740-4b7b-a593-6dc4f010a9a8_g4,c5ee5934-1740-4b7b-a593-6dc4f010a9a8,9,10,0.3789
125,c71f0d93-95d4-4a96-b9a8-3b98c00e3ac2_g6,c71f0d93-95d4-4a96-b9a8-3b98c00e3ac2,9,10,1.3663
126,41b6c1a7-7862-4da7-b535-b93d37fbfd71_g0,41b6c1a7-7862-4da7-b535-b93d37fbfd71,9,10,0.4830
127,3aa82286-ac72-46d1-ba97-d91e74a6d67e_g6,3aa82286-ac72-46d1-ba97-d91e74a6d67e,9,10,0.3789
