rank,group_id,sample_id,target_step,train_step,adv,reward,deep_think_tokens,group_net_deep_gradient
1,e8348aab-b51d-48ac-bc5b-6110ead85bd1,e8348aab-b51d-48ac-bc5b-6110ead85bd1_g0,7,8,-0.5826,0,0,1483.60
1,e8348aab-b51d-48ac-bc5b-6110ead85bd1,e8348aab-b51d-48ac-bc5b-6110ead85bd1_g1,7,8,1.9322,1,0,1483.60
1,e8348aab-b51d-48ac-bc5b-6110ead85bd1,e8348aab-b51d-48ac-bc5b-6110ead85bd1_g10,7,8,-0.5826,0,0,1483.60
1,e8348aab-b51d-48ac-bc5b-6110ead85bd1,e8348aab-b51d-48ac-bc5b-6110ead85bd1_g11,7,8,-0.5826,0,6128,1483.60
1,e8348aab-b51d-48ac-bc5b-6110ead85bd1,e8348aab-b51d-48ac-bc5b-6110ead85bd1_g12,7,8,-0.5826,0,852,1483.60
1,e8348aab-b51d-48ac-bc5b-6110ead85bd1,e8348aab-b51d-48ac-bc5b-6110ead85bd1_g13,7,8,1.9322,1,8467,1483.60
1,e8348aab-b51d-48ac-bc5b-6110ead85bd1,e8348aab-b51d-48ac-bc5b-6110ead85bd1_g14,7,8,-0.5826,0,0,1483.60
1,e8348aab-b51d-48ac-bc5b-6110ead85bd1,e8348aab-b51d-48ac-bc5b-6110ead85bd1_g15,7,8,-0.5826,0,10853,1483.60
1,e8348aab-b51d-48ac-bc5b-6110ead85bd1,e8348aab-b51d-48ac-bc5b-6110ead85bd1_g2,7,8,-0.5826,0,7294,1483.60
1,e8348aab-b51d-48ac-bc5b-6110ead85bd1,e8348aab-b51d-48ac-bc5b-6110ead85bd1_g3,7,8,-0.5826,0,0,1483.60
1,e8348aab-b51d-48ac-bc5b-6110ead85bd1,e8348aab-b51d-48ac-bc5b-6110ead85bd1_g4,7,8,-0.5826,0,0,1483.60
1,e8348aab-b51d-48ac-bc5b-6110ead85bd1,e8348aab-b51d-48ac-bc5b-6110ead85bd1_g5,7,8,-0.5826,0,7892,1483.60
1,e8348aab-b51d-48ac-bc5b-6110ead85bd1,e8348aab-b51d-48ac-bc5b-6110ead85bd1_g6,7,8,-0.5826,0,0,1483.60
1,e8348aab-b51d-48ac-bc5b-6110ead85bd1,e8348aab-b51d-48ac-bc5b-6110ead85bd1_g7,7,8,-0.5826,0,555,1483.60
1,e8348aab-b51d-48ac-bc5b-6110ead85bd1,e8348aab-b51d-48ac-bc5b-6110ead85bd1_g8,7,8,1.9322,1,8616,1483.60
1,e8348aab-b51d-48ac-bc5b-6110ead85bd1,e8348aab-b51d-48ac-bc5b-6110ead85bd1_g9,7,8,1.9322,1,0,1483.60
2,c64aeb12-23ce-4fd0-972a-0599ce4e41b2,c64aeb12-23ce-4fd0-972a-0599ce4e41b2_g0,6,7,1.9322,1,2850,1417.86
2,c64aeb12-23ce-4fd0-972a-0599ce4e41b2,c64aeb12-23ce-4fd0-972a-0599ce4e41b2_g1,6,7,-0.5826,0,0,1417.86
2,c64aeb12-23ce-4fd0-972a-0599ce4e41b2,c64aeb12-23ce-4fd0-972a-0599ce4e41b2_g10,6,7,1.9322,1,3894,1417.86
2,c64aeb12-23ce-4fd0-972a-0599ce4e41b2,c64aeb12-23ce-4fd0-972a-0599ce4e41b2_g11,6,7,-0.5826,0,0,1417.86
2,c64aeb12-23ce-4fd0-972a-0599ce4e41b2,c64aeb12-23ce-4fd0-972a-0599ce4e41b2_g12,6,7,-0.5826,0,0,1417.86
2,c64aeb12-23ce-4fd0-972a-0599ce4e41b2,c64aeb12-23ce-4fd0-972a-0599ce4e41b2_g13,6,7,-0.5826,0,199,1417.86
2,c64aeb12-23ce-4fd0-972a-0599ce4e41b2,c64aeb12-23ce-4fd0-972a-0599ce4e41b2_g14,6,7,1.9322,1,1176,1417.86
2,c64aeb12-23ce-4fd0-972a-0599ce4e41b2,c64aeb12-23ce-4fd0-972a-0599ce4e41b2_g15,6,7,-0.5826,0,1664,1417.86
2,c64aeb12-23ce-4fd0-972a-0599ce4e41b2,c64aeb12-23ce-4fd0-972a-0599ce4e41b2_g2,6,7,-0.5826,0,0,1417.86
2,c64aeb12-23ce-4fd0-972a-0599ce4e41b2,c64aeb12-23ce-4fd0-972a-0599ce4e41b2_g3,6,7,-0.5826,0,0,1417.86
2,c64aeb12-23ce-4fd0-972a-0599ce4e41b2,c64aeb12-23ce-4fd0-972a-0599ce4e41b2_g4,6,7,1.9322,1,0,1417.86
2,c64aeb12-23ce-4fd0-972a-0599ce4e41b2,c64aeb12-23ce-4fd0-972a-0599ce4e41b2_g5,6,7,-0.5826,0,0,1417.86
2,c64aeb12-23ce-4fd0-972a-0599ce4e41b2,c64aeb12-23ce-4fd0-972a-0599ce4e41b2_g6,6,7,-0.5826,0,0,1417.86
2,c64aeb12-23ce-4fd0-972a-0599ce4e41b2,c64aeb12-23ce-4fd0-972a-0599ce4e41b2_g7,6,7,-0.5826,0,307,1417.86
2,c64aeb12-23ce-4fd0-972a-0599ce4e41b2,c64aeb12-23ce-4fd0-972a-0599ce4e41b2_g8,6,7,-0.5826,0,0,1417.86
2,c64aeb12-23ce-4fd0-972a-0599ce4e41b2,c64aeb12-23ce-4fd0-972a-0599ce4e41b2_g9,6,7,-0.5826,0,0,1417.86
3,4c07e7d6-44bd-43f3-ab21-2772ae857192,4c07e7d6-44bd-43f3-ab21-2772ae857192_g0,8,9,-0.3789,0,0,911.28
3,4c07e7d6-44bd-43f3-ab21-2772ae857192,4c07e7d6-44bd-43f3-ab21-2772ae857192_g1,8,9,-0.3789,0,0,911.28
3,4c07e7d6-44bd-43f3-ab21-2772ae857192,4c07e7d6-44bd-43f3-ab21-2772ae857192_g10,8,9,-0.3789,0,2898,911.28
3,4c07e7d6-44bd-43f3-ab21-2772ae857192,4c07e7d6-44bd-43f3-ab21-2772ae857192_g11,8,9,-0.3789,0,0,911.28
3,4c07e7d6-44bd-43f3-ab21-2772ae857192,4c07e7d6-44bd-43f3-ab21-2772ae857192_g12,8,9,-0.3789,0,0,911.28
3,4c07e7d6-44bd-43f3-ab21-2772ae857192,4c07e7d6-44bd-43f3-ab21-2772ae857192_g13,8,9,-0.3789,0,0,911.28
3,4c07e7d6-44bd-43f3-ab21-2772ae857192,4c07e7d6-44bd-43f3-ab21-2772ae857192_g14,8,9,-0.3789,0,0,911.28
3,4c07e7d6-44bd-43f3-ab21-2772ae857192,4c07e7d6-44bd-43f3-ab21-2772ae857192_g15,8,9,-0.3789,0,1571,911.28
3,4c07e7d6-44bd-43f3-ab21-2772ae857192,4c07e7d6-44bd-43f3-ab21-2772ae857192_g2,8,9,-0.3789,0,1385,911.28
3,4c07e7d6-44bd-43f3-ab21-2772ae857192,4c07e7d6-44bd-43f3-ab21-2772ae857192_g3,8,9,3.6148,1,1079,911.28
3,4c07e7d6-44bd-43f3-ab21-2772ae857192,4c07e7d6-44bd-43f3-ab21-2772ae857192_g4,8,9,-0.3789,0,0,911.28
3,4c07e7d6-44bd-43f3-ab21-2772ae857192,4c07e7d6-44bd-43f3-ab21-2772ae857192_g5,8,9,-0.3789,0,0,911.28
3,4c07e7d6-44bd-43f3-ab21-2772ae857192,4c07e7d6-44bd-43f3-ab21-2772ae857192_g6,8,9,-0.3789,0,0,911.28
3,4c07e7d6-44bd-43f3-ab21-2772ae857192,4c07e7d6-44bd-43f3-ab21-2772ae857192_g7,8,9,3.6148,1,1655,911.28
3,4c07e7d6-44bd-43f3-ab21-2772ae857192,4c07e7d6-44bd-43f3-ab21-2772ae857192_g8,8,9,-0.3789,0,0,911.28
3,4c07e7d6-44bd-43f3-ab21-2772ae857192,4c07e7d6-44bd-43f3-ab21-2772ae857192_g9,8,9,-0.3789,0,0,911.28
4,c71a622f-c1eb-4652-a48f-c693b5bab855,c71a622f-c1eb-4652-a48f-c693b5bab855_g0,8,9,0.7888,1,0,777.32
4,c71a622f-c1eb-4652-a48f-c693b5bab855,c71a622f-c1eb-4652-a48f-c693b5bab855_g1,8,9,-1.3663,0,0,777.32
4,c71a622f-c1eb-4652-a48f-c693b5bab855,c71a622f-c1eb-4652-a48f-c693b5bab855_g10,8,9,0.7888,1,0,777.32
4,c71a622f-c1eb-4652-a48f-c693b5bab855,c71a622f-c1eb-4652-a48f-c693b5bab855_g11,8,9,0.7888,1,73,777.32
4,c71a622f-c1eb-4652-a48f-c693b5bab855,c71a622f-c1eb-4652-a48f-c693b5bab855_g12,8,9,0.7888,1,0,777.32
4,c71a622f-c1eb-4652-a48f-c693b5bab855,c71a622f-c1eb-4652-a48f-c693b5bab855_g13,8,9,0.7888,1,0,777.32
4,c71a622f-c1eb-4652-a48f-c693b5bab855,c71a622f-c1eb-4652-a48f-c693b5bab855_g14,8,9,0.7888,1,5293,777.32
4,c71a622f-c1eb-4652-a48f-c693b5bab855,c71a622f-c1eb-4652-a48f-c693b5bab855_g15,8,9,0.7888,1,0,777.32
4,c71a622f-c1eb-4652-a48f-c693b5bab855,c71a622f-c1eb-4652-a48f-c693b5bab855_g2,8,9,-1.3663,0,0,777.32
4,c71a622f-c1eb-4652-a48f-c693b5bab855,c71a622f-c1eb-4652-a48f-c693b5bab855_g3,8,9,-1.3663,0,0,777.32
4,c71a622f-c1eb-4652-a48f-c693b5bab855,c71a622f-c1eb-4652-a48f-c693b5bab855_g4,8,9,0.7888,1,2555,777.32
4,c71a622f-c1eb-4652-a48f-c693b5bab855,c71a622f-c1eb-4652-a48f-c693b5bab855_g5,8,9,-1.3663,0,0,777.32
4,c71a622f-c1eb-4652-a48f-c693b5bab855,c71a622f-c1eb-4652-a48f-c693b5bab855_g6,8,9,-1.3663,0,0,777.32
4,c71a622f-c1eb-4652-a48f-c693b5bab855,c71a622f-c1eb-4652-a48f-c693b5bab855_g7,8,9,-1.3663,0,0,777.32
4,c71a622f-c1eb-4652-a48f-c693b5bab855,c71a622f-c1eb-4652-a48f-c693b5bab855_g8,8,9,0.7888,1,1402,777.32
4,c71a622f-c1eb-4652-a48f-c693b5bab855,c71a622f-c1eb-4652-a48f-c693b5bab855_g9,8,9,0.7888,1,0,777.32
5,e32f223c-ef71-4478-991b-ae728a137b2f,e32f223c-ef71-4478-991b-ae728a137b2f_g0,1,2,-0.4830,0,0,744.78
5,e32f223c-ef71-4478-991b-ae728a137b2f,e32f223c-ef71-4478-991b-ae728a137b2f_g1,1,2,-0.4830,0,0,744.78
5,e32f223c-ef71-4478-991b-ae728a137b2f,e32f223c-ef71-4478-991b-ae728a137b2f_g10,1,2,-0.4830,0,0,744.78
5,e32f223c-ef71-4478-991b-ae728a137b2f,e32f223c-ef71-4478-991b-ae728a137b2f_g11,1,2,-0.4830,0,34,744.78
5,e32f223c-ef71-4478-991b-ae728a137b2f,e32f223c-ef71-4478-991b-ae728a137b2f_g12,1,2,2.4630,1,0,744.78
5,e32f223c-ef71-4478-991b-ae728a137b2f,e32f223c-ef71-4478-991b-ae728a137b2f_g13,1,2,-0.4830,0,0,744.78
5,e32f223c-ef71-4478-991b-ae728a137b2f,e32f223c-ef71-4478-991b-ae728a137b2f_g14,1,2,-0.4830,0,0,744.78
5,e32f223c-ef71-4478-991b-ae728a137b2f,e32f223c-ef71-4478-991b-ae728a137b2f_g15,1,2,-0.4830,0,0,744.78
5,e32f223c-ef71-4478-991b-ae728a137b2f,e32f223c-ef71-4478-991b-ae728a137b2f_g2,1,2,-0.4830,0,0,744.78
5,e32f223c-ef71-4478-991b-ae728a137b2f,e32f223c-ef71-4478-991b-ae728a137b2f_g3,1,2,2.4630,1,2906,744.78
5,e32f223c-ef71-4478-991b-ae728a137b2f,e32f223c-ef71-4478-991b-ae728a137b2f_g4,1,2,-0.4830,0,0,744.78
5,e32f223c-ef71-4478-991b-ae728a137b2f,e32f223c-ef71-4478-991b-ae728a137b2f_g5,1,2,2.4630,1,0,744.78
5,e32f223c-ef71-4478-991b-ae728a137b2f,e32f223c-ef71-4478-991b-ae728a137b2f_g6,1,2,-0.4830,0,0,744.78
5,e32f223c-ef71-4478-991b-ae728a137b2f,e32f223c-ef71-4478-991b-ae728a137b2f_g7,1,2,-0.4830,0,4441,744.78
5,e32f223c-ef71-4478-991b-ae728a137b2f,e32f223c-ef71-4478-991b-ae728a137b2f_g8,1,2,-0.4830,0,264,744.78
5,e32f223c-ef71-4478-991b-ae728a137b2f,e32f223c-ef71-4478-991b-ae728a137b2f_g9,1,2,-0.4830,0,0,744.78
6,030b4c87-e638-42f8-8252-234b59a32ed4,030b4c87-e638-42f8-8252-234b59a32ed4_g0,2,3,-0.4830,0,0,707.46
6,030b4c87-e638-42f8-8252-234b59a32ed4,030b4c87-e638-42f8-8252-234b59a32ed4_g1,2,3,-0.4830,0,0,707.46
6,030b4c87-e638-42f8-8252-234b59a32ed4,030b4c87-e638-42f8-8252-234b59a32ed4_g10,2,3,-0.4830,0,0,707.46
6,030b4c87-e638-42f8-8252-234b59a32ed4,030b4c87-e638-42f8-8252-234b59a32ed4_g11,2,3,-0.4830,0,205,707.46
6,030b4c87-e638-42f8-8252-234b59a32ed4,030b4c87-e638-42f8-8252-234b59a32ed4_g12,2,3,-0.4830,0,2451,707.46
6,030b4c87-e638-42f8-8252-234b59a32ed4,030b4c87-e638-42f8-8252-234b59a32ed4_g13,2,3,2.4630,1,5266,707.46
6,030b4c87-e638-42f8-8252-234b59a32ed4,030b4c87-e638-42f8-8252-234b59a32ed4_g14,2,3,-0.4830,0,304,707.46
6,030b4c87-e638-42f8-8252-234b59a32ed4,030b4c87-e638-42f8-8252-234b59a32ed4_g15,2,3,-0.4830,0,0,707.46
6,030b4c87-e638-42f8-8252-234b59a32ed4,030b4c87-e638-42f8-8252-234b59a32ed4_g2,2,3,-0.4830,0,69,707.46
6,030b4c87-e638-42f8-8252-234b59a32ed4,030b4c87-e638-42f8-8252-234b59a32ed4_g3,2,3,-0.4830,0,0,707.46
6,030b4c87-e638-42f8-8252-234b59a32ed4,030b4c87-e638-42f8-8252-234b59a32ed4_g4,2,3,2.4630,1,0,707.46
6,030b4c87-e638-42f8-8252-234b59a32ed4,030b4c87-e638-42f8-8252-234b59a32ed4_g5,2,3,-0.4830,0,1081,707.46
6,030b4c87-e638-42f8-8252-234b59a32ed4,030b4c87-e638-42f8-8252-234b59a32ed4_g6,2,3,-0.4830,0,0,707.46
6,030b4c87-e638-42f8-8252-234b59a32ed4,030b4c87-e638-42f8-8252-234b59a32ed4_g7,2,3,-0.4830,0,0,707.46
6,030b4c87-e638-42f8-8252-234b59a32ed4,030b4c87-e638-42f8-8252-234b59a32ed4_g8,2,3,-0.4830,0,0,707.46
6,030b4c87-e638-42f8-8252-234b59a32ed4,030b4c87-e638-42f8-8252-234b59a32ed4_g9,2,3,2.4630,1,0,707.46
7,ad6f7ad6-c916-47ba-8fe0-7fd5a20210e8,ad6f7ad6-c916-47ba-8fe0-7fd5a20210e8_g0,4,5,0.5826,1,9937,573.77
7,ad6f7ad6-c916-47ba-8fe0-7fd5a20210e8,ad6f7ad6-c916-47ba-8fe0-7fd5a20210e8_g1,4,5,0.5826,1,14,573.77
7,ad6f7ad6-c916-47ba-8fe0-7fd5a20210e8,ad6f7ad6-c916-47ba-8fe0-7fd5a20210e8_g10,4,5,0.5826,1,2077,573.77
7,ad6f7ad6-c916-47ba-8fe0-7fd5a20210e8,ad6f7ad6-c916-47ba-8fe0-7fd5a20210e8_g11,4,5,0.5826,1,1455,573.77
7,ad6f7ad6-c916-47ba-8fe0-7fd5a20210e8,ad6f7ad6-c916-47ba-8fe0-7fd5a20210e8_g12,4,5,0.5826,1,0,573.77
7,ad6f7ad6-c916-47ba-8fe0-7fd5a20210e8,ad6f7ad6-c916-47ba-8fe0-7fd5a20210e8_g13,4,5,-1.9322,0,0,573.77
7,ad6f7ad6-c916-47ba-8fe0-7fd5a20210e8,ad6f7ad6-c916-47ba-8fe0-7fd5a20210e8_g14,4,5,0.5826,1,1376,573.77
7,ad6f7ad6-c916-47ba-8fe0-7fd5a20210e8,ad6f7ad6-c916-47ba-8fe0-7fd5a20210e8_g15,4,5,0.5826,1,0,573.77
7,ad6f7ad6-c916-47ba-8fe0-7fd5a20210e8,ad6f7ad6-c916-47ba-8fe0-7fd5a20210e8_g2,4,5,0.5826,1,0,573.77
7,ad6f7ad6-c916-47ba-8fe0-7fd5a20210e8,ad6f7ad6-c916-47ba-8fe0-7fd5a20210e8_g3,4,5,0.5826,1,439,573.77
7,ad6f7ad6-c916-47ba-8fe0-7fd5a20210e8,ad6f7ad6-c916-47ba-8fe0-7fd5a20210e8_g4,4,5,0.5826,1,0,573.77
7,ad6f7ad6-c916-47ba-8fe0-7fd5a20210e8,ad6f7ad6-c916-47ba-8fe0-7fd5a20210e8_g5,4,5,-1.9322,0,0,573.77
7,ad6f7ad6-c916-47ba-8fe0-7fd5a20210e8,ad6f7ad6-c916-47ba-8fe0-7fd5a20210e8_g6,4,5,0.5826,1,37,573.77
7,ad6f7ad6-c916-47ba-8fe0-7fd5a20210e8,ad6f7ad6-c916-47ba-8fe0-7fd5a20210e8_g7,4,5,-1.9322,0,320,573.77
7,ad6f7ad6-c916-47ba-8fe0-7fd5a20210e8,ad6f7ad6-c916-47ba-8fe0-7fd5a20210e8_g8,4,5,-1.9322,0,0,573.77
7,ad6f7ad6-c916-47ba-8fe0-7fd5a20210e8,ad6f7ad6-c916-47ba-8fe0-7fd5a20210e8_g9,4,5,0.5826,1,0,573.77
8,1239c9ec-3e75-4dd0-89f5-73e5482e7313,1239c9ec-3e75-4dd0-89f5-73e5482e7313_g0,9,10,-0.5826,0,0,501.97
8,1239c9ec-3e75-4dd0-89f5-73e5482e7313,1239c9ec-3e75-4dd0-89f5-73e5482e7313_g1,9,10,-0.5826,0,0,501.97
8,1239c9ec-3e75-4dd0-89f5-73e5482e7313,1239c9ec-3e75-4dd0-89f5-73e5482e7313_g10,9,10,-0.5826,0,0,501.97
8,1239c9ec-3e75-4dd0-89f5-73e5482e7313,1239c9ec-3e75-4dd0-89f5-73e5482e7313_g11,9,10,-0.5826,0,0,501.97
8,1239c9ec-3e75-4dd0-89f5-73e5482e7313,1239c9ec-3e75-4dd0-89f5-73e5482e7313_g12,9,10,-0.5826,0,0,501.97
8,1239c9ec-3e75-4dd0-89f5-73e5482e7313,1239c9ec-3e75-4dd0-89f5-73e5482e7313_g13,9,10,1.9322,1,0,501.97
8,1239c9ec-3e75-4dd0-89f5-73e5482e7313,1239c9ec-3e75-4dd0-89f5-73e5482e7313_g14,9,10,1.9322,1,430,501.97
8,1239c9ec-3e75-4dd0-89f5-73e5482e7313,1239c9ec-3e75-4dd0-89f5-73e5482e7313_g15,9,10,-0.5826,0,261,501.97
8,1239c9ec-3e75-4dd0-89f5-73e5482e7313,1239c9ec-3e75-4dd0-89f5-73e5482e7313_g2,9,10,1.9322,1,2520,501.97
8,1239c9ec-3e75-4dd0-89f5-73e5482e7313,1239c9ec-3e75-4dd0-89f5-73e5482e7313_g3,9,10,-0.5826,0,0,501.97
8,1239c9ec-3e75-4dd0-89f5-73e5482e7313,1239c9ec-3e75-4dd0-89f5-73e5482e7313_g4,9,10,-0.5826,0,0,501.97
8,1239c9ec-3e75-4dd0-89f5-73e5482e7313,1239c9ec-3e75-4dd0-89f5-73e5482e7313_g5,9,10,-0.5826,0,0,501.97
8,1239c9ec-3e75-4dd0-89f5-73e5482e7313,1239c9ec-3e75-4dd0-89f5-73e5482e7313_g6,9,10,-0.5826,0,2634,501.97
8,1239c9ec-3e75-4dd0-89f5-73e5482e7313,1239c9ec-3e75-4dd0-89f5-73e5482e7313_g7,9,10,-0.5826,0,0,501.97
8,1239c9ec-3e75-4dd0-89f5-73e5482e7313,1239c9ec-3e75-4dd0-89f5-73e5482e7313_g8,9,10,-0.5826,0,0,501.97
8,1239c9ec-3e75-4dd0-89f5-73e5482e7313,1239c9ec-3e75-4dd0-89f5-73e5482e7313_g9,9,10,1.9322,1,0,501.97
9,02c0ab67-bf95-4fa8-9582-424eb447549d,02c0ab67-bf95-4fa8-9582-424eb447549d_g0,4,5,-0.5826,0,0,495.75
9,02c0ab67-bf95-4fa8-9582-424eb447549d,02c0ab67-bf95-4fa8-9582-424eb447549d_g1,4,5,-0.5826,0,0,495.75
9,02c0ab67-bf95-4fa8-9582-424eb447549d,02c0ab67-bf95-4fa8-9582-424eb447549d_g10,4,5,-0.5826,0,0,495.75
9,02c0ab67-bf95-4fa8-9582-424eb447549d,02c0ab67-bf95-4fa8-9582-424eb447549d_g11,4,5,1.9322,1,0,495.75
9,02c0ab67-bf95-4fa8-9582-424eb447549d,02c0ab67-bf95-4fa8-9582-424eb447549d_g12,4,5,-0.5826,0,0,495.75
9,02c0ab67-bf95-4fa8-9582-424eb447549d,02c0ab67-bf95-4fa8-9582-424eb447549d_g13,4,5,-0.5826,0,0,495.75
9,02c0ab67-bf95-4fa8-9582-424eb447549d,02c0ab67-bf95-4fa8-9582-424eb447549d_g14,4,5,-0.5826,0,0,495.75
9,02c0ab67-bf95-4fa8-9582-424eb447549d,02c0ab67-bf95-4fa8-9582-424eb447549d_g15,4,5,1.9322,1,0,495.75
9,02c0ab67-bf95-4fa8-9582-424eb447549d,02c0ab67-bf95-4fa8-9582-424eb447549d_g2,4,5,-0.5826,0,543,495.75
9,02c0ab67-bf95-4fa8-9582-424eb447549d,02c0ab67-bf95-4fa8-9582-424eb447549d_g3,4,5,-0.5826,0,0,495.75
9,02c0ab67-bf95-4fa8-9582-424eb447549d,02c0ab67-bf95-4fa8-9582-424eb447549d_g4,4,5,1.9322,1,2559,495.75
9,02c0ab67-bf95-4fa8-9582-424eb447549d,02c0ab67-bf95-4fa8-9582-424eb447549d_g5,4,5,-0.5826,0,0,495.75
9,02c0ab67-bf95-4fa8-9582-424eb447549d,02c0ab67-bf95-4fa8-9582-424eb447549d_g6,4,5,1.9322,1,0,495.75
9,02c0ab67-bf95-4fa8-9582-424eb447549d,02c0ab67-bf95-4fa8-9582-424eb447549d_g7,4,5,-0.5826,0,0,495.75
9,02c0ab67-bf95-4fa8-9582-424eb447549d,02c0ab67-bf95-4fa8-9582-424eb447549d_g8,4,5,-0.5826,0,0,495.75
9,02c0ab67-bf95-4fa8-9582-424eb447549d,02c0ab67-bf95-4fa8-9582-424eb447549d_g9,4,5,-0.5826,0,0,495.75
10,fddbc18c-61e9-4595-a9e9-d76557c4985c,fddbc18c-61e9-4595-a9e9-d76557c4985c_g0,6,7,-1.6021,0,0,456.36
10,fddbc18c-61e9-4595-a9e9-d76557c4985c,fddbc18c-61e9-4595-a9e9-d76557c4985c_g1,6,7,0.6831,1,848,456.36
10,fddbc18c-61e9-4595-a9e9-d76557c4985c,fddbc18c-61e9-4595-a9e9-d76557c4985c_g10,6,7,0.6831,1,0,456.36
10,fddbc18c-61e9-4595-a9e9-d76557c4985c,fddbc18c-61e9-4595-a9e9-d76557c4985c_g11,6,7,0.6831,1,0,456.36
10,fddbc18c-61e9-4595-a9e9-d76557c4985c,fddbc18c-61e9-4595-a9e9-d76557c4985c_g12,6,7,0.6831,1,0,456.36
10,fddbc18c-61e9-4595-a9e9-d76557c4985c,fddbc18c-61e9-4595-a9e9-d76557c4985c_g13,6,7,0.6831,1,0,456.36
10,fddbc18c-61e9-4595-a9e9-d76557c4985c,fddbc18c-61e9-4595-a9e9-d76557c4985c_g14,6,7,0.6831,1,0,456.36
10,fddbc18c-61e9-4595-a9e9-d76557c4985c,fddbc18c-61e9-4595-a9e9-d76557c4985c_g15,6,7,0.6831,1,728,456.36
10,fddbc18c-61e9-4595-a9e9-d76557c4985c,fddbc18c-61e9-4595-a9e9-d76557c4985c_g2,6,7,0.6831,1,0,456.36
10,fddbc18c-61e9-4595-a9e9-d76557c4985c,fddbc18c-61e9-4595-a9e9-d76557c4985c_g3,6,7,0.6831,1,0,456.36
10,fddbc18c-61e9-4595-a9e9-d76557c4985c,fddbc18c-61e9-4595-a9e9-d76557c4985c_g4,6,7,0.6831,1,0,456.36
10,fddbc18c-61e9-4595-a9e9-d76557c4985c,fddbc18c-61e9-4595-a9e9-d76557c4985c_g5,6,7,-1.6021,0,0,456.36
10,fddbc18c-61e9-4595-a9e9-d76557c4985c,fddbc18c-61e9-4595-a9e9-d76557c4985c_g6,6,7,-1.6021,0,1084,456.36
10,fddbc18c-61e9-4595-a9e9-d76557c4985c,fddbc18c-61e9-4595-a9e9-d76557c4985c_g7,6,7,-1.6021,0,0,456.36
10,fddbc18c-61e9-4595-a9e9-d76557c4985c,fddbc18c-61e9-4595-a9e9-d76557c4985c_g8,6,7,-1.6021,0,225,456.36
10,fddbc18c-61e9-4595-a9e9-d76557c4985c,fddbc18c-61e9-4595-a9e9-d76557c4985c_g9,6,7,0.6831,1,9959,456.36
11,557a3db5-3a89-444c-8ba2-5e57eb9aa010,557a3db5-3a89-444c-8ba2-5e57eb9aa010_g0,3,4,1.9322,1,0,426.76
11,557a3db5-3a89-444c-8ba2-5e57eb9aa010,557a3db5-3a89-444c-8ba2-5e57eb9aa010_g1,3,4,-0.5826,0,0,426.76
11,557a3db5-3a89-444c-8ba2-5e57eb9aa010,557a3db5-3a89-444c-8ba2-5e57eb9aa010_g10,3,4,-0.5826,0,0,426.76
11,557a3db5-3a89-444c-8ba2-5e57eb9aa010,557a3db5-3a89-444c-8ba2-5e57eb9aa010_g11,3,4,-0.5826,0,0,426.76
11,557a3db5-3a89-444c-8ba2-5e57eb9aa010,557a3db5-3a89-444c-8ba2-5e57eb9aa010_g12,3,4,1.9322,1,0,426.76
11,557a3db5-3a89-444c-8ba2-5e57eb9aa010,557a3db5-3a89-444c-8ba2-5e57eb9aa010_g13,3,4,-0.5826,0,0,426.76
11,557a3db5-3a89-444c-8ba2-5e57eb9aa010,557a3db5-3a89-444c-8ba2-5e57eb9aa010_g14,3,4,-0.5826,0,79,426.76
11,557a3db5-3a89-444c-8ba2-5e57eb9aa010,557a3db5-3a89-444c-8ba2-5e57eb9aa010_g15,3,4,-0.5826,0,0,426.76
11,557a3db5-3a89-444c-8ba2-5e57eb9aa010,557a3db5-3a89-444c-8ba2-5e57eb9aa010_g2,3,4,-0.5826,0,0,426.76
11,557a3db5-3a89-444c-8ba2-5e57eb9aa010,557a3db5-3a89-444c-8ba2-5e57eb9aa010_g3,3,4,-0.5826,0,0,426.76
11,557a3db5-3a89-444c-8ba2-5e57eb9aa010,557a3db5-3a89-444c-8ba2-5e57eb9aa010_g4,3,4,1.9322,1,0,426.76
11,557a3db5-3a89-444c-8ba2-5e57eb9aa010,557a3db5-3a89-444c-8ba2-5e57eb9aa010_g5,3,4,-0.5826,0,0,426.76
11,557a3db5-3a89-444c-8ba2-5e57eb9aa010,557a3db5-3a89-444c-8ba2-5e57eb9aa010_g6,3,4,1.9322,1,2389,426.76
11,557a3db5-3a89-444c-8ba2-5e57eb9aa010,557a3db5-3a89-444c-8ba2-5e57eb9aa010_g7,3,4,-0.5826,0,0,426.76
11,557a3db5-3a89-444c-8ba2-5e57eb9aa010,557a3db5-3a89-444c-8ba2-5e57eb9aa010_g8,3,4,-0.5826,0,0,426.76
11,557a3db5-3a89-444c-8ba2-5e57eb9aa010,557a3db5-3a89-444c-8ba2-5e57eb9aa010_g9,3,4,-0.5826,0,0,426.76
12,21b864fa-4355-4be7-bf34-2327ae6063a0,21b864fa-4355-4be7-bf34-2327ae6063a0_g0,2,3,0.5826,1,0,416.52
12,21b864fa-4355-4be7-bf34-2327ae6063a0,21b864fa-4355-4be7-bf34-2327ae6063a0_g1,2,3,0.5826,1,0,416.52
12,21b864fa-4355-4be7-bf34-2327ae6063a0,21b864fa-4355-4be7-bf34-2327ae6063a0_g10,2,3,0.5826,1,0,416.52
12,21b864fa-4355-4be7-bf34-2327ae6063a0,21b864fa-4355-4be7-bf34-2327ae6063a0_g11,2,3,0.5826,1,2723,416.52
12,21b864fa-4355-4be7-bf34-2327ae6063a0,21b864fa-4355-4be7-bf34-2327ae6063a0_g12,2,3,-1.9322,0,0,416.52
12,21b864fa-4355-4be7-bf34-2327ae6063a0,21b864fa-4355-4be7-bf34-2327ae6063a0_g13,2,3,0.5826,1,0,416.52
12,21b864fa-4355-4be7-bf34-2327ae6063a0,21b864fa-4355-4be7-bf34-2327ae6063a0_g14,2,3,-1.9322,0,0,416.52
12,21b864fa-4355-4be7-bf34-2327ae6063a0,21b864fa-4355-4be7-bf34-2327ae6063a0_g15,2,3,0.5826,1,3066,416.52
12,21b864fa-4355-4be7-bf34-2327ae6063a0,21b864fa-4355-4be7-bf34-2327ae6063a0_g2,2,3,0.5826,1,0,416.52
12,21b864fa-4355-4be7-bf34-2327ae6063a0,21b864fa-4355-4be7-bf34-2327ae6063a0_g3,2,3,0.5826,1,0,416.52
12,21b864fa-4355-4be7-bf34-2327ae6063a0,21b864fa-4355-4be7-bf34-2327ae6063a0_g4,2,3,-1.9322,0,0,416.52
12,21b864fa-4355-4be7-bf34-2327ae6063a0,21b864fa-4355-4be7-bf34-2327ae6063a0_g5,2,3,0.5826,1,0,416.52
12,21b864fa-4355-4be7-bf34-2327ae6063a0,21b864fa-4355-4be7-bf34-2327ae6063a0_g6,2,3,-1.9322,0,0,416.52
12,21b864fa-4355-4be7-bf34-2327ae6063a0,21b864fa-4355-4be7-bf34-2327ae6063a0_g7,2,3,0.5826,1,133,416.52
12,21b864fa-4355-4be7-bf34-2327ae6063a0,21b864fa-4355-4be7-bf34-2327ae6063a0_g8,2,3,0.5826,1,0,416.52
12,21b864fa-4355-4be7-bf34-2327ae6063a0,21b864fa-4355-4be7-bf34-2327ae6063a0_g9,2,3,0.5826,1,0,416.52
13,aa0a488f-a2cb-4d41-92ce-51eef0fd33aa,aa0a488f-a2cb-4d41-92ce-51eef0fd33aa_g0,7,8,-1.3663,0,36675,361.22
13,aa0a488f-a2cb-4d41-92ce-51eef0fd33aa,aa0a488f-a2cb-4d41-92ce-51eef0fd33aa_g1,7,8,0.7888,1,1283,361.22
13,aa0a488f-a2cb-4d41-92ce-51eef0fd33aa,aa0a488f-a2cb-4d41-92ce-51eef0fd33aa_g10,7,8,0.7888,1,0,361.22
13,aa0a488f-a2cb-4d41-92ce-51eef0fd33aa,aa0a488f-a2cb-4d41-92ce-51eef0fd33aa_g11,7,8,0.7888,1,0,361.22
13,aa0a488f-a2cb-4d41-92ce-51eef0fd33aa,aa0a488f-a2cb-4d41-92ce-51eef0fd33aa_g12,7,8,-1.3663,0,0,361.22
13,aa0a488f-a2cb-4d41-92ce-51eef0fd33aa,aa0a488f-a2cb-4d41-92ce-51eef0fd33aa_g13,7,8,0.7888,1,0,361.22
13,aa0a488f-a2cb-4d41-92ce-51eef0fd33aa,aa0a488f-a2cb-4d41-92ce-51eef0fd33aa_g14,7,8,0.7888,1,0,361.22
13,aa0a488f-a2cb-4d41-92ce-51eef0fd33aa,aa0a488f-a2cb-4d41-92ce-51eef0fd33aa_g15,7,8,0.7888,1,0,361.22
13,aa0a488f-a2cb-4d41-92ce-51eef0fd33aa,aa0a488f-a2cb-4d41-92ce-51eef0fd33aa_g2,7,8,-1.3663,0,0,361.22
13,aa0a488f-a2cb-4d41-92ce-51eef0fd33aa,aa0a488f-a2cb-4d41-92ce-51eef0fd33aa_g3,7,8,-1.3663,0,895,361.22
13,aa0a488f-a2cb-4d41-92ce-51eef0fd33aa,aa0a488f-a2cb-4d41-92ce-51eef0fd33aa_g4,7,8,0.7888,1,1352,361.22
13,aa0a488f-a2cb-4d41-92ce-51eef0fd33aa,aa0a488f-a2cb-4d41-92ce-51eef0fd33aa_g5,7,8,0.7888,1,0,361.22
13,aa0a488f-a2cb-4d41-92ce-51eef0fd33aa,aa0a488f-a2cb-4d41-92ce-51eef0fd33aa_g6,7,8,-1.3663,0,0,361.22
13,aa0a488f-a2cb-4d41-92ce-51eef0fd33aa,aa0a488f-a2cb-4d41-92ce-51eef0fd33aa_g7,7,8,0.7888,1,6802,361.22
13,aa0a488f-a2cb-4d41-92ce-51eef0fd33aa,aa0a488f-a2cb-4d41-92ce-51eef0fd33aa_g8,7,8,-1.3663,0,0,361.22
13,aa0a488f-a2cb-4d41-92ce-51eef0fd33aa,aa0a488f-a2cb-4d41-92ce-51eef0fd33aa_g9,7,8,0.7888,1,0,361.22
14,1610e5fc-e688-4cf9-8a0f-72a76357d4d6,1610e5fc-e688-4cf9-8a0f-72a76357d4d6_g0,4,5,0.3789,1,0,350.88
14,1610e5fc-e688-4cf9-8a0f-72a76357d4d6,1610e5fc-e688-4cf9-8a0f-72a76357d4d6_g1,4,5,-3.6148,0,0,350.88
14,1610e5fc-e688-4cf9-8a0f-72a76357d4d6,1610e5fc-e688-4cf9-8a0f-72a76357d4d6_g10,4,5,0.3789,1,0,350.88
14,1610e5fc-e688-4cf9-8a0f-72a76357d4d6,1610e5fc-e688-4cf9-8a0f-72a76357d4d6_g11,4,5,-3.6148,0,0,350.88
14,1610e5fc-e688-4cf9-8a0f-72a76357d4d6,1610e5fc-e688-4cf9-8a0f-72a76357d4d6_g12,4,5,0.3789,1,0,350.88
14,1610e5fc-e688-4cf9-8a0f-72a76357d4d6,1610e5fc-e688-4cf9-8a0f-72a76357d4d6_g13,4,5,0.3789,1,0,350.88
14,1610e5fc-e688-4cf9-8a0f-72a76357d4d6,1610e5fc-e688-4cf9-8a0f-72a76357d4d6_g14,4,5,0.3789,1,1598,350.88
14,1610e5fc-e688-4cf9-8a0f-72a76357d4d6,1610e5fc-e688-4cf9-8a0f-72a76357d4d6_g15,4,5,0.3789,1,0,350.88
14,1610e5fc-e688-4cf9-8a0f-72a76357d4d6,1610e5fc-e688-4cf9-8a0f-72a76357d4d6_g2,4,5,0.3789,1,0,350.88
14,1610e5fc-e688-4cf9-8a0f-72a76357d4d6,1610e5fc-e688-4cf9-8a0f-72a76357d4d6_g3,4,5,0.3789,1,0,350.88
14,1610e5fc-e688-4cf9-8a0f-72a76357d4d6,1610e5fc-e688-4cf9-8a0f-72a76357d4d6_g4,4,5,0.3789,1,3389,350.88
14,1610e5fc-e688-4cf9-8a0f-72a76357d4d6,1610e5fc-e688-4cf9-8a0f-72a76357d4d6_g5,4,5,0.3789,1,0,350.88
14,1610e5fc-e688-4cf9-8a0f-72a76357d4d6,1610e5fc-e688-4cf9-8a0f-72a76357d4d6_g6,4,5,0.3789,1,5155,350.88
14,1610e5fc-e688-4cf9-8a0f-72a76357d4d6,1610e5fc-e688-4cf9-8a0f-72a76357d4d6_g7,4,5,0.3789,1,0,350.88
14,1610e5fc-e688-4cf9-8a0f-72a76357d4d6,1610e5fc-e688-4cf9-8a0f-72a76357d4d6_g8,4,5,0.3789,1,0,350.88
14,1610e5fc-e688-4cf9-8a0f-72a76357d4d6,1610e5fc-e688-4cf9-8a0f-72a76357d4d6_g9,4,5,0.3789,1,0,350.88
15,e8bb5b92-9abf-4f59-9fed-a39af12af3a8,e8bb5b92-9abf-4f59-9fed-a39af12af3a8_g0,5,6,-0.6831,0,0,348.22
15,e8bb5b92-9abf-4f59-9fed-a39af12af3a8,e8bb5b92-9abf-4f59-9fed-a39af12af3a8_g1,5,6,-0.6831,0,0,348.22
15,e8bb5b92-9abf-4f59-9fed-a39af12af3a8,e8bb5b92-9abf-4f59-9fed-a39af12af3a8_g10,5,6,-0.6831,0,0,348.22
15,e8bb5b92-9abf-4f59-9fed-a39af12af3a8,e8bb5b92-9abf-4f59-9fed-a39af12af3a8_g11,5,6,-0.6831,0,0,348.22
15,e8bb5b92-9abf-4f59-9fed-a39af12af3a8,e8bb5b92-9abf-4f59-9fed-a39af12af3a8_g12,5,6,-0.6831,0,6544,348.22
15,e8bb5b92-9abf-4f59-9fed-a39af12af3a8,e8bb5b92-9abf-4f59-9fed-a39af12af3a8_g13,5,6,1.6021,1,0,348.22
15,e8bb5b92-9abf-4f59-9fed-a39af12af3a8,e8bb5b92-9abf-4f59-9fed-a39af12af3a8_g14,5,6,-0.6831,0,0,348.22
15,e8bb5b92-9abf-4f59-9fed-a39af12af3a8,e8bb5b92-9abf-4f59-9fed-a39af12af3a8_g15,5,6,-0.6831,0,0,348.22
15,e8bb5b92-9abf-4f59-9fed-a39af12af3a8,e8bb5b92-9abf-4f59-9fed-a39af12af3a8_g2,5,6,-0.6831,0,0,348.22
15,e8bb5b92-9abf-4f59-9fed-a39af12af3a8,e8bb5b92-9abf-4f59-9fed-a39af12af3a8_g3,5,6,1.6021,1,0,348.22
15,e8bb5b92-9abf-4f59-9fed-a39af12af3a8,e8bb5b92-9abf-4f59-9fed-a39af12af3a8_g4,5,6,-0.6831,0,0,348.22
15,e8bb5b92-9abf-4f59-9fed-a39af12af3a8,e8bb5b92-9abf-4f59-9fed-a39af12af3a8_g5,5,6,-0.6831,0,0,348.22
15,e8bb5b92-9abf-4f59-9fed-a39af12af3a8,e8bb5b92-9abf-4f59-9fed-a39af12af3a8_g6,5,6,-0.6831,0,122,348.22
15,e8bb5b92-9abf-4f59-9fed-a39af12af3a8,e8bb5b92-9abf-4f59-9fed-a39af12af3a8_g7,5,6,1.6021,1,0,348.22
15,e8bb5b92-9abf-4f59-9fed-a39af12af3a8,e8bb5b92-9abf-4f59-9fed-a39af12af3a8_g8,5,6,1.6021,1,0,348.22
15,e8bb5b92-9abf-4f59-9fed-a39af12af3a8,e8bb5b92-9abf-4f59-9fed-a39af12af3a8_g9,5,6,1.6021,1,5512,348.22
16,e02915b3-2b56-4a9c-902e-66270a13c5ac,e02915b3-2b56-4a9c-902e-66270a13c5ac_g0,2,3,-0.7888,0,0,316.17
16,e02915b3-2b56-4a9c-902e-66270a13c5ac,e02915b3-2b56-4a9c-902e-66270a13c5ac_g1,2,3,1.3663,1,670,316.17
16,e02915b3-2b56-4a9c-902e-66270a13c5ac,e02915b3-2b56-4a9c-902e-66270a13c5ac_g10,2,3,-0.7888,0,0,316.17
16,e02915b3-2b56-4a9c-902e-66270a13c5ac,e02915b3-2b56-4a9c-902e-66270a13c5ac_g11,2,3,-0.7888,0,0,316.17
16,e02915b3-2b56-4a9c-902e-66270a13c5ac,e02915b3-2b56-4a9c-902e-66270a13c5ac_g12,2,3,-0.7888,0,0,316.17
16,e02915b3-2b56-4a9c-902e-66270a13c5ac,e02915b3-2b56-4a9c-902e-66270a13c5ac_g13,2,3,-0.7888,0,0,316.17
16,e02915b3-2b56-4a9c-902e-66270a13c5ac,e02915b3-2b56-4a9c-902e-66270a13c5ac_g14,2,3,-0.7888,0,0,316.17
16,e02915b3-2b56-4a9c-902e-66270a13c5ac,e02915b3-2b56-4a9c-902e-66270a13c5ac_g15,2,3,-0.7888,0,0,316.17
16,e02915b3-2b56-4a9c-902e-66270a13c5ac,e02915b3-2b56-4a9c-902e-66270a13c5ac_g2,2,3,1.3663,1,0,316.17
16,e02915b3-2b56-4a9c-902e-66270a13c5ac,e02915b3-2b56-4a9c-902e-66270a13c5ac_g3,2,3,-0.7888,0,0,316.17
16,e02915b3-2b56-4a9c-902e-66270a13c5ac,e02915b3-2b56-4a9c-902e-66270a13c5ac_g4,2,3,-0.7888,0,0,316.17
16,e02915b3-2b56-4a9c-902e-66270a13c5ac,e02915b3-2b56-4a9c-902e-66270a13c5ac_g5,2,3,1.3663,1,0,316.17
16,e02915b3-2b56-4a9c-902e-66270a13c5ac,e02915b3-2b56-4a9c-902e-66270a13c5ac_g6,2,3,1.3663,1,0,316.17
16,e02915b3-2b56-4a9c-902e-66270a13c5ac,e02915b3-2b56-4a9c-902e-66270a13c5ac_g7,2,3,1.3663,1,0,316.17
16,e02915b3-2b56-4a9c-902e-66270a13c5ac,e02915b3-2b56-4a9c-902e-66270a13c5ac_g8,2,3,-0.7888,0,0,316.17
16,e02915b3-2b56-4a9c-902e-66270a13c5ac,e02915b3-2b56-4a9c-902e-66270a13c5ac_g9,2,3,1.3663,1,1453,316.17
17,32a791a4-f8b2-4a28-a035-d9052fd7da83,32a791a4-f8b2-4a28-a035-d9052fd7da83_g0,6,7,1.0328,1,0,304.25
17,32a791a4-f8b2-4a28-a035-d9052fd7da83,32a791a4-f8b2-4a28-a035-d9052fd7da83_g1,6,7,1.0328,1,0,304.25
17,32a791a4-f8b2-4a28-a035-d9052fd7da83,32a791a4-f8b2-4a28-a035-d9052fd7da83_g10,6,7,-1.0328,0,0,304.25
17,32a791a4-f8b2-4a28-a035-d9052fd7da83,32a791a4-f8b2-4a28-a035-d9052fd7da83_g11,6,7,1.0328,1,0,304.25
17,32a791a4-f8b2-4a28-a035-d9052fd7da83,32a791a4-f8b2-4a28-a035-d9052fd7da83_g12,6,7,-1.0328,0,0,304.25
17,32a791a4-f8b2-4a28-a035-d9052fd7da83,32a791a4-f8b2-4a28-a035-d9052fd7da83_g13,6,7,1.0328,1,0,304.25
17,32a791a4-f8b2-4a28-a035-d9052fd7da83,32a791a4-f8b2-4a28-a035-d9052fd7da83_g14,6,7,-1.0328,0,0,304.25
17,32a791a4-f8b2-4a28-a035-d9052fd7da83,32a791a4-f8b2-4a28-a035-d9052fd7da83_g15,6,7,1.0328,1,0,304.25
17,32a791a4-f8b2-4a28-a035-d9052fd7da83,32a791a4-f8b2-4a28-a035-d9052fd7da83_g2,6,7,1.0328,1,1559,304.25
17,32a791a4-f8b2-4a28-a035-d9052fd7da83,32a791a4-f8b2-4a28-a035-d9052fd7da83_g3,6,7,1.0328,1,0,304.25
17,32a791a4-f8b2-4a28-a035-d9052fd7da83,32a791a4-f8b2-4a28-a035-d9052fd7da83_g4,6,7,-1.0328,0,0,304.25
17,32a791a4-f8b2-4a28-a035-d9052fd7da83,32a791a4-f8b2-4a28-a035-d9052fd7da83_g5,6,7,-1.0328,0,0,304.25
17,32a791a4-f8b2-4a28-a035-d9052fd7da83,32a791a4-f8b2-4a28-a035-d9052fd7da83_g6,6,7,1.0328,1,1039,304.25
17,32a791a4-f8b2-4a28-a035-d9052fd7da83,32a791a4-f8b2-4a28-a035-d9052fd7da83_g7,6,7,-1.0328,0,0,304.25
17,32a791a4-f8b2-4a28-a035-d9052fd7da83,32a791a4-f8b2-4a28-a035-d9052fd7da83_g8,6,7,-1.0328,0,0,304.25
17,32a791a4-f8b2-4a28-a035-d9052fd7da83,32a791a4-f8b2-4a28-a035-d9052fd7da83_g9,6,7,-1.0328,0,0,304.25
18,65e23a25-51ca-4f69-a670-d6c4322ea806,65e23a25-51ca-4f69-a670-d6c4322ea806_g0,4,5,-0.4830,0,8987,258.44
18,65e23a25-51ca-4f69-a670-d6c4322ea806,65e23a25-51ca-4f69-a670-d6c4322ea806_g1,4,5,-0.4830,0,2160,258.44
18,65e23a25-51ca-4f69-a670-d6c4322ea806,65e23a25-51ca-4f69-a670-d6c4322ea806_g10,4,5,-0.4830,0,5662,258.44
18,65e23a25-51ca-4f69-a670-d6c4322ea806,65e23a25-51ca-4f69-a670-d6c4322ea806_g11,4,5,-0.4830,0,1545,258.44
18,65e23a25-51ca-4f69-a670-d6c4322ea806,65e23a25-51ca-4f69-a670-d6c4322ea806_g12,4,5,-0.4830,0,0,258.44
18,65e23a25-51ca-4f69-a670-d6c4322ea806,65e23a25-51ca-4f69-a670-d6c4322ea806_g13,4,5,2.4630,1,0,258.44
18,65e23a25-51ca-4f69-a670-d6c4322ea806,65e23a25-51ca-4f69-a670-d6c4322ea806_g14,4,5,-0.4830,0,759,258.44
18,65e23a25-51ca-4f69-a670-d6c4322ea806,65e23a25-51ca-4f69-a670-d6c4322ea806_g15,4,5,-0.4830,0,1055,258.44
18,65e23a25-51ca-4f69-a670-d6c4322ea806,65e23a25-51ca-4f69-a670-d6c4322ea806_g2,4,5,2.4630,1,0,258.44
18,65e23a25-51ca-4f69-a670-d6c4322ea806,65e23a25-51ca-4f69-a670-d6c4322ea806_g3,4,5,-0.4830,0,0,258.44
18,65e23a25-51ca-4f69-a670-d6c4322ea806,65e23a25-51ca-4f69-a670-d6c4322ea806_g4,4,5,-0.4830,0,1000,258.44
18,65e23a25-51ca-4f69-a670-d6c4322ea806,65e23a25-51ca-4f69-a670-d6c4322ea806_g5,4,5,-0.4830,0,0,258.44
18,65e23a25-51ca-4f69-a670-d6c4322ea806,65e23a25-51ca-4f69-a670-d6c4322ea806_g6,4,5,-0.4830,0,0,258.44
18,65e23a25-51ca-4f69-a670-d6c4322ea806,65e23a25-51ca-4f69-a670-d6c4322ea806_g7,4,5,-0.4830,0,2087,258.44
18,65e23a25-51ca-4f69-a670-d6c4322ea806,65e23a25-51ca-4f69-a670-d6c4322ea806_g8,4,5,2.4630,1,5920,258.44
18,65e23a25-51ca-4f69-a670-d6c4322ea806,65e23a25-51ca-4f69-a670-d6c4322ea806_g9,4,5,-0.4830,0,0,258.44
19,b30feaa4-69b0-4b75-8e63-a563d8aabe79,b30feaa4-69b0-4b75-8e63-a563d8aabe79_g0,5,6,-0.9037,0,69,171.18
19,b30feaa4-69b0-4b75-8e63-a563d8aabe79,b30feaa4-69b0-4b75-8e63-a563d8aabe79_g1,5,6,1.1832,1,0,171.18
19,b30feaa4-69b0-4b75-8e63-a563d8aabe79,b30feaa4-69b0-4b75-8e63-a563d8aabe79_g10,5,6,1.1832,1,0,171.18
19,b30feaa4-69b0-4b75-8e63-a563d8aabe79,b30feaa4-69b0-4b75-8e63-a563d8aabe79_g11,5,6,-0.9037,0,0,171.18
19,b30feaa4-69b0-4b75-8e63-a563d8aabe79,b30feaa4-69b0-4b75-8e63-a563d8aabe79_g12,5,6,1.1832,1,0,171.18
19,b30feaa4-69b0-4b75-8e63-a563d8aabe79,b30feaa4-69b0-4b75-8e63-a563d8aabe79_g13,5,6,1.1832,1,0,171.18
19,b30feaa4-69b0-4b75-8e63-a563d8aabe79,b30feaa4-69b0-4b75-8e63-a563d8aabe79_g14,5,6,1.1832,1,2284,171.18
19,b30feaa4-69b0-4b75-8e63-a563d8aabe79,b30feaa4-69b0-4b75-8e63-a563d8aabe79_g15,5,6,1.1832,1,0,171.18
19,b30feaa4-69b0-4b75-8e63-a563d8aabe79,b30feaa4-69b0-4b75-8e63-a563d8aabe79_g2,5,6,1.1832,1,0,171.18
19,b30feaa4-69b0-4b75-8e63-a563d8aabe79,b30feaa4-69b0-4b75-8e63-a563d8aabe79_g3,5,6,-0.9037,0,0,171.18
19,b30feaa4-69b0-4b75-8e63-a563d8aabe79,b30feaa4-69b0-4b75-8e63-a563d8aabe79_g4,5,6,-0.9037,0,0,171.18
19,b30feaa4-69b0-4b75-8e63-a563d8aabe79,b30feaa4-69b0-4b75-8e63-a563d8aabe79_g5,5,6,-0.9037,0,1091,171.18
19,b30feaa4-69b0-4b75-8e63-a563d8aabe79,b30feaa4-69b0-4b75-8e63-a563d8aabe79_g6,5,6,-0.9037,0,0,171.18
19,b30feaa4-69b0-4b75-8e63-a563d8aabe79,b30feaa4-69b0-4b75-8e63-a563d8aabe79_g7,5,6,-0.9037,0,0,171.18
19,b30feaa4-69b0-4b75-8e63-a563d8aabe79,b30feaa4-69b0-4b75-8e63-a563d8aabe79_g8,5,6,-0.9037,0,0,171.18
19,b30feaa4-69b0-4b75-8e63-a563d8aabe79,b30feaa4-69b0-4b75-8e63-a563d8aabe79_g9,5,6,-0.9037,0,0,171.18
20,f9e8d4d9-e3cd-42bb-acec-18e6f296d419,f9e8d4d9-e3cd-42bb-acec-18e6f296d419_g0,8,9,0.2582,1,0,152.47
20,f9e8d4d9-e3cd-42bb-acec-18e6f296d419,f9e8d4d9-e3cd-42bb-acec-18e6f296d419_g1,8,9,0.2582,1,0,152.47
20,f9e8d4d9-e3cd-42bb-acec-18e6f296d419,f9e8d4d9-e3cd-42bb-acec-18e6f296d419_g10,8,9,0.2582,1,0,152.47
20,f9e8d4d9-e3cd-42bb-acec-18e6f296d419,f9e8d4d9-e3cd-42bb-acec-18e6f296d419_g11,8,9,0.2582,1,0,152.47
20,f9e8d4d9-e3cd-42bb-acec-18e6f296d419,f9e8d4d9-e3cd-42bb-acec-18e6f296d419_g12,8,9,0.2582,1,5287,152.47
20,f9e8d4d9-e3cd-42bb-acec-18e6f296d419,f9e8d4d9-e3cd-42bb-acec-18e6f296d419_g13,8,9,0.2582,1,0,152.47
20,f9e8d4d9-e3cd-42bb-acec-18e6f296d419,f9e8d4d9-e3cd-42bb-acec-18e6f296d419_g14,8,9,0.2582,1,0,152.47
20,f9e8d4d9-e3cd-42bb-acec-18e6f296d419,f9e8d4d9-e3cd-42bb-acec-18e6f296d419_g15,8,9,0.2582,1,0,152.47
20,f9e8d4d9-e3cd-42bb-acec-18e6f296d419,f9e8d4d9-e3cd-42bb-acec-18e6f296d419_g2,8,9,-1.0000,0,0,152.47
20,f9e8d4d9-e3cd-42bb-acec-18e6f296d419,f9e8d4d9-e3cd-42bb-acec-18e6f296d419_g3,8,9,0.2582,1,0,152.47
20,f9e8d4d9-e3cd-42bb-acec-18e6f296d419,f9e8d4d9-e3cd-42bb-acec-18e6f296d419_g4,8,9,0.2582,1,0,152.47
20,f9e8d4d9-e3cd-42bb-acec-18e6f296d419,f9e8d4d9-e3cd-42bb-acec-18e6f296d419_g5,8,9,0.2582,1,0,152.47
20,f9e8d4d9-e3cd-42bb-acec-18e6f296d419,f9e8d4d9-e3cd-42bb-acec-18e6f296d419_g6,8,9,0.2582,1,0,152.47
20,f9e8d4d9-e3cd-42bb-acec-18e6f296d419,f9e8d4d9-e3cd-42bb-acec-18e6f296d419_g7,8,9,0.2582,1,0,152.47
20,f9e8d4d9-e3cd-42bb-acec-18e6f296d419,f9e8d4d9-e3cd-42bb-acec-18e6f296d419_g8,8,9,0.2582,1,0,152.47
20,f9e8d4d9-e3cd-42bb-acec-18e6f296d419,f9e8d4d9-e3cd-42bb-acec-18e6f296d419_g9,8,9,0.2582,1,0,152.47
