rank,sample_id,group_id,target_step,train_step,adv,deep_think_tokens,live_deep_sum_1mp,adv_x_live,cum_share
1,4db44b75-0be9-4ed6-bbf1-10429d6fa9f4_g13,4db44b75-0be9-4ed6-bbf1-10429d6fa9f4,4,5,2.4630,28325,1621.9,3994.73,0.122
2,d79ac1dd-6d04-44a2-a798-be4f699c56b6_g13,d79ac1dd-6d04-44a2-a798-be4f699c56b6,5,6,2.4630,8665,992.6,2444.88,0.197
3,2dedf265-e0eb-4b78-8e01-195177bf4586_g7,2dedf265-e0eb-4b78-8e01-195177bf4586,4,5,1.6021,12887,1369.4,2193.86,0.264
4,2931d79b-422e-4e3d-b6e2-4613dd1cafc8_g15,2931d79b-422e-4e3d-b6e2-4613dd1cafc8,7,8,1.9322,9664,1080.5,2087.63,0.328
5,ba09fc0a-0ab8-4226-b15b-f287a16aa236_g13,ba09fc0a-0ab8-4226-b15b-f287a16aa236,8,9,3.6148,3673,489.0,1767.61,0.382
6,5ba9b9e7-6be2-499c-b9e9-e39cb91e621f_g15,5ba9b9e7-6be2-499c-b9e9-e39cb91e621f,6,7,2.4630,6177,578.1,1423.87,0.426
7,4de1cc29-4561-4263-bebd-3259b82e1dea_g6,4de1cc29-4561-4263-bebd-3259b82e1dea,7,8,1.0000,9583,1171.3,1171.26,0.461
8,f1916357-d112-4044-a3cf-436ba4cfc05a_g12,f1916357-d112-4044-a3cf-436ba4cfc05a,6,7,1.6021,5078,647.1,1036.68,0.493
9,d79ac1dd-6d04-44a2-a798-be4f699c56b6_g2,d79ac1dd-6d04-44a2-a798-be4f699c56b6,5,6,2.4630,2578,361.9,891.26,0.520
10,b3322105-5a4f-4d95-a842-67b920d94052_g3,b3322105-5a4f-4d95-a842-67b920d94052,1,2,3.6148,1863,239.9,867.15,0.547
11,5a9948a6-8909-4b8c-a2fe-f0f28e50e1bd_g14,5a9948a6-8909-4b8c-a2fe-f0f28e50e1bd,5,6,1.0328,7480,772.3,797.66,0.571
12,5a9948a6-8909-4b8c-a2fe-f0f28e50e1bd_g5,5a9948a6-8909-4b8c-a2fe-f0f28e50e1bd,5,6,1.0328,9469,724.4,748.12,0.594
13,2931d79b-422e-4e3d-b6e2-4613dd1cafc8_g7,2931d79b-422e-4e3d-b6e2-4613dd1cafc8,7,8,1.9322,3044,364.8,704.86,0.616
14,b08dac85-39d5-414c-b7f1-cc7c6b436bbf_g8,b08dac85-39d5-414c-b7f1-cc7c6b436bbf,5,6,1.1832,5529,592.3,700.86,0.637
15,e49b7b06-f4c7-47c9-9805-290bd69386c0_g0,e49b7b06-f4c7-47c9-9805-290bd69386c0,8,9,2.4630,2484,240.8,593.09,0.655
16,48606117-f4ed-4915-8ca8-2447d5ff3eca_g1,48606117-f4ed-4915-8ca8-2447d5ff3eca,6,7,1.9322,2804,304.3,587.92,0.673
17,7a1ab912-96bd-4c68-be98-89fe1cb9b17f_g6,7a1ab912-96bd-4c68-be98-89fe1cb9b17f,9,10,0.7888,9931,711.0,560.84,0.690
18,7a1ab912-96bd-4c68-be98-89fe1cb9b17f_g2,7a1ab912-96bd-4c68-be98-89fe1cb9b17f,9,10,0.7888,9158,644.2,508.16,0.706
19,7a1ab912-96bd-4c68-be98-89fe1cb9b17f_g15,7a1ab912-96bd-4c68-be98-89fe1cb9b17f,9,10,0.7888,6999,642.3,506.65,0.721
20,4db44b75-0be9-4ed6-bbf1-10429d6fa9f4_g14,4db44b75-0be9-4ed6-bbf1-10429d6fa9f4,4,5,2.4630,2188,183.5,451.92,0.735
21,fba782db-8f06-4047-a7fd-1f4ffaec07ab_g9,fba782db-8f06-4047-a7fd-1f4ffaec07ab,4,5,0.6831,5549,646.7,441.77,0.749
22,f1916357-d112-4044-a3cf-436ba4cfc05a_g13,f1916357-d112-4044-a3cf-436ba4cfc05a,6,7,1.6021,2701,273.1,437.55,0.762
23,c990ebd9-dab4-4058-8a55-f71d509da9b0_g2,c990ebd9-dab4-4058-8a55-f71d509da9b0,7,8,0.5826,5698,745.6,434.39,0.775
24,d2b8ff86-36d8-4168-9d4f-20938ebc8965_g13,d2b8ff86-36d8-4168-9d4f-20938ebc8965,6,7,1.3663,3072,292.0,398.93,0.788
25,d79ac1dd-6d04-44a2-a798-be4f699c56b6_g1,d79ac1dd-6d04-44a2-a798-be4f699c56b6,5,6,2.4630,1304,161.4,397.50,0.800
26,7838b29b-89a5-4bcb-b588-9982d2d2ec8f_g5,7838b29b-89a5-4bcb-b588-9982d2d2ec8f,5,6,0.7888,3862,386.9,305.20,0.809
27,5ba9b9e7-6be2-499c-b9e9-e39cb91e621f_g11,5ba9b9e7-6be2-499c-b9e9-e39cb91e621f,6,7,2.4630,1370,121.6,299.58,0.818
28,488dbae4-846d-4d7a-a2a3-4de637a5ef0a_g7,488dbae4-846d-4d7a-a2a3-4de637a5ef0a,5,6,1.0328,1762,267.1,275.82,0.827
29,e49b7b06-f4c7-47c9-9805-290bd69386c0_g15,e49b7b06-f4c7-47c9-9805-290bd69386c0,8,9,2.4630,799,110.1,271.26,0.835
30,2931d79b-422e-4e3d-b6e2-4613dd1cafc8_g2,2931d79b-422e-4e3d-b6e2-4613dd1cafc8,7,8,1.9322,871,136.3,263.35,0.843
31,7a1ab912-96bd-4c68-be98-89fe1cb9b17f_g8,7a1ab912-96bd-4c68-be98-89fe1cb9b17f,9,10,0.7888,3826,329.7,260.05,0.851
32,c990ebd9-dab4-4058-8a55-f71d509da9b0_g1,c990ebd9-dab4-4058-8a55-f71d509da9b0,7,8,0.5826,3679,420.1,244.74,0.859
33,b08dac85-39d5-414c-b7f1-cc7c6b436bbf_g2,b08dac85-39d5-414c-b7f1-cc7c6b436bbf,5,6,1.1832,1700,193.3,228.73,0.866
34,a61f27ad-7d42-4cff-8aeb-4d040bf7078d_g2,a61f27ad-7d42-4cff-8aeb-4d040bf7078d,7,8,0.7888,2711,280.2,221.05,0.872
35,7a1ab912-96bd-4c68-be98-89fe1cb9b17f_g4,7a1ab912-96bd-4c68-be98-89fe1cb9b17f,9,10,0.7888,3801,249.4,196.72,0.878
36,8d5e2673-88a6-4f87-86fc-15e0f07b4006_g2,8d5e2673-88a6-4f87-86fc-15e0f07b4006,1,2,0.5826,3929,325.0,189.34,0.884
37,73dfa096-dfbe-4fe2-9356-1739f2ad24bc_g12,73dfa096-dfbe-4fe2-9356-1739f2ad24bc,3,4,0.2582,7209,666.6,172.11,0.889
38,c37c2f97-ecf8-4581-809c-36387133f479_g14,c37c2f97-ecf8-4581-809c-36387133f479,0,1,3.6148,399,47.4,171.28,0.895
39,7a1ab912-96bd-4c68-be98-89fe1cb9b17f_g7,7a1ab912-96bd-4c68-be98-89fe1cb9b17f,9,10,0.7888,2909,207.9,164.03,0.900
40,73dfa096-dfbe-4fe2-9356-1739f2ad24bc_g14,73dfa096-dfbe-4fe2-9356-1739f2ad24bc,3,4,0.2582,7880,615.3,158.87,0.905
41,7a1ab912-96bd-4c68-be98-89fe1cb9b17f_g0,7a1ab912-96bd-4c68-be98-89fe1cb9b17f,9,10,0.7888,2399,183.5,144.71,0.909
42,1394a65c-dcda-4a03-bd12-823be1613a70_g14,1394a65c-dcda-4a03-bd12-823be1613a70,5,6,1.0000,1456,143.4,143.41,0.913
43,93fe599a-a268-4abc-9352-dbb91130a028_g8,93fe599a-a268-4abc-9352-dbb91130a028,6,7,0.7888,1413,165.8,130.81,0.917
44,73dfa096-dfbe-4fe2-9356-1739f2ad24bc_g4,73dfa096-dfbe-4fe2-9356-1739f2ad24bc,3,4,0.2582,5978,483.9,124.93,0.921
45,e49b7b06-f4c7-47c9-9805-290bd69386c0_g5,e49b7b06-f4c7-47c9-9805-290bd69386c0,8,9,2.4630,487,49.7,122.39,0.925
46,8d2c2d92-b582-4ed9-87a7-b2d3709fe08b_g1,8d2c2d92-b582-4ed9-87a7-b2d3709fe08b,8,9,2.4630,547,49.0,120.57,0.929
47,fba782db-8f06-4047-a7fd-1f4ffaec07ab_g11,fba782db-8f06-4047-a7fd-1f4ffaec07ab,4,5,0.6831,1726,162.6,111.09,0.932
48,4c5332bf-19cf-44f9-99d5-1018f87490c1_g6,4c5332bf-19cf-44f9-99d5-1018f87490c1,7,8,2.4630,636,41.6,102.36,0.935
49,53a579b6-158b-4657-9d13-303fc056857c_g7,53a579b6-158b-4657-9d13-303fc056857c,6,7,1.3663,694,71.7,98.00,0.938
50,73dfa096-dfbe-4fe2-9356-1739f2ad24bc_g15,73dfa096-dfbe-4fe2-9356-1739f2ad24bc,3,4,0.2582,3107,361.5,93.35,0.941
51,b481a7b2-f1c0-44a1-9f06-90237cfa18dd_g13,b481a7b2-f1c0-44a1-9f06-90237cfa18dd,0,1,0.2582,2915,358.9,92.66,0.944
52,6c7ff8e3-e294-4d86-adf8-d57d631ed366_g15,6c7ff8e3-e294-4d86-adf8-d57d631ed366,5,6,0.7888,893,113.6,89.61,0.947
53,e76c1946-2827-4577-9c33-3d374730a812_g8,e76c1946-2827-4577-9c33-3d374730a812,3,4,0.3789,2144,224.0,84.88,0.949
54,7a1ab912-96bd-4c68-be98-89fe1cb9b17f_g9,7a1ab912-96bd-4c68-be98-89fe1cb9b17f,9,10,0.7888,925,103.2,81.37,0.952
55,2931d79b-422e-4e3d-b6e2-4613dd1cafc8_g12,2931d79b-422e-4e3d-b6e2-4613dd1cafc8,7,8,1.9322,299,41.3,79.76,0.954
56,8d5e2673-88a6-4f87-86fc-15e0f07b4006_g12,8d5e2673-88a6-4f87-86fc-15e0f07b4006,1,2,0.5826,903,129.7,75.56,0.956
57,39744e5c-d2df-43f9-93b4-48bb7abbafed_g10,39744e5c-d2df-43f9-93b4-48bb7abbafed,1,2,0.9037,649,80.9,73.10,0.959
58,a61f27ad-7d42-4cff-8aeb-4d040bf7078d_g6,a61f27ad-7d42-4cff-8aeb-4d040bf7078d,7,8,0.7888,943,87.8,69.28,0.961
59,18c85275-7369-47b1-8dcd-8fa677cd936b_g7,18c85275-7369-47b1-8dcd-8fa677cd936b,5,6,0.5826,1777,114.7,66.80,0.963
60,5ba9b9e7-6be2-499c-b9e9-e39cb91e621f_g5,5ba9b9e7-6be2-499c-b9e9-e39cb91e621f,6,7,2.4630,187,27.0,66.47,0.965
61,ab0c78b1-896b-4143-8332-6981395d19ef_g0,ab0c78b1-896b-4143-8332-6981395d19ef,8,9,0.7888,900,82.5,65.05,0.967
62,e76c1946-2827-4577-9c33-3d374730a812_g3,e76c1946-2827-4577-9c33-3d374730a812,3,4,0.3789,1784,160.0,60.63,0.969
63,b08dac85-39d5-414c-b7f1-cc7c6b436bbf_g3,b08dac85-39d5-414c-b7f1-cc7c6b436bbf,5,6,1.1832,442,50.5,59.76,0.970
64,43aafcfe-3c9d-4454-b412-fadb0b9f5489_g4,43aafcfe-3c9d-4454-b412-fadb0b9f5489,4,5,1.0000,591,55.1,55.15,0.972
65,68471137-215a-4e2e-b60f-e3a6a229101a_g10,68471137-215a-4e2e-b60f-e3a6a229101a,4,5,1.0000,622,54.2,54.21,0.974
66,51363e8e-3168-4527-b343-c6622c0d1739_g14,51363e8e-3168-4527-b343-c6622c0d1739,7,8,0.2582,1827,207.7,53.63,0.975
67,8d2c2d92-b582-4ed9-87a7-b2d3709fe08b_g10,8d2c2d92-b582-4ed9-87a7-b2d3709fe08b,8,9,2.4630,103,20.0,49.30,0.977
68,0cf128f4-b40f-4e12-95d1-158b7118881f_g7,0cf128f4-b40f-4e12-95d1-158b7118881f,6,7,0.2582,1496,189.4,48.89,0.978
69,46969400-84f5-4ac4-9a10-1afb865f6dfd_g1,46969400-84f5-4ac4-9a10-1afb865f6dfd,6,7,2.4630,145,19.2,47.41,0.980
70,573292f6-bd79-429a-84f1-e37ee91ad46a_g10,573292f6-bd79-429a-84f1-e37ee91ad46a,8,9,0.6831,360,60.1,41.08,0.981
71,7838b29b-89a5-4bcb-b588-9982d2d2ec8f_g2,7838b29b-89a5-4bcb-b588-9982d2d2ec8f,5,6,0.7888,223,48.5,38.27,0.982
72,73dfa096-dfbe-4fe2-9356-1739f2ad24bc_g9,73dfa096-dfbe-4fe2-9356-1739f2ad24bc,3,4,0.2582,1174,142.8,36.87,0.983
73,28ba9fc8-3ef5-4837-af57-30d5f586428f_g14,28ba9fc8-3ef5-4837-af57-30d5f586428f,7,8,0.7888,425,45.3,35.73,0.985
74,73dfa096-dfbe-4fe2-9356-1739f2ad24bc_g1,73dfa096-dfbe-4fe2-9356-1739f2ad24bc,3,4,0.2582,1423,136.4,35.21,0.986
75,e76c1946-2827-4577-9c33-3d374730a812_g6,e76c1946-2827-4577-9c33-3d374730a812,3,4,0.3789,929,89.2,33.80,0.987
76,dde824e4-e284-43c8-b571-514793d7e51e_g6,dde824e4-e284-43c8-b571-514793d7e51e,5,6,0.5826,410,56.5,32.91,0.988
77,d7d132fe-db6b-4ac9-99a8-6ae31fd025e5_g6,d7d132fe-db6b-4ac9-99a8-6ae31fd025e5,1,2,0.3789,561,79.8,30.25,0.989
78,60edc914-3377-4542-8338-31aa3308d9cd_g0,60edc914-3377-4542-8338-31aa3308d9cd,3,4,0.5826,542,46.4,27.04,0.989
79,93fe599a-a268-4abc-9352-dbb91130a028_g4,93fe599a-a268-4abc-9352-dbb91130a028,6,7,0.7888,325,34.0,26.83,0.990
80,17d569ff-37dd-4606-8a15-61ad3b007f21_g7,17d569ff-37dd-4606-8a15-61ad3b007f21,6,7,0.2582,878,102.1,26.36,0.991
81,17d569ff-37dd-4606-8a15-61ad3b007f21_g3,17d569ff-37dd-4606-8a15-61ad3b007f21,6,7,0.2582,718,96.8,25.00,0.992
82,e76c1946-2827-4577-9c33-3d374730a812_g9,e76c1946-2827-4577-9c33-3d374730a812,3,4,0.3789,472,64.3,24.37,0.993
83,7a1ab912-96bd-4c68-be98-89fe1cb9b17f_g1,7a1ab912-96bd-4c68-be98-89fe1cb9b17f,9,10,0.7888,209,30.8,24.28,0.993
84,53a579b6-158b-4657-9d13-303fc056857c_g15,53a579b6-158b-4657-9d13-303fc056857c,6,7,1.3663,136,17.1,23.35,0.994
85,a61f27ad-7d42-4cff-8aeb-4d040bf7078d_g13,a61f27ad-7d42-4cff-8aeb-4d040bf7078d,7,8,0.7888,298,29.5,23.26,0.995
86,60edc914-3377-4542-8338-31aa3308d9cd_g6,60edc914-3377-4542-8338-31aa3308d9cd,3,4,0.5826,299,35.8,20.85,0.995
87,4aef656d-eae5-428a-9937-afa6350b480d_g12,4aef656d-eae5-428a-9937-afa6350b480d,7,8,0.4830,286,38.4,18.55,0.996
88,66fc4856-9021-45d5-9dee-f4af3808a9ba_g11,66fc4856-9021-45d5-9dee-f4af3808a9ba,1,2,0.3789,10838,48.7,18.47,0.997
89,73dfa096-dfbe-4fe2-9356-1739f2ad24bc_g5,73dfa096-dfbe-4fe2-9356-1739f2ad24bc,3,4,0.2582,564,68.0,17.55,0.997
90,73dfa096-dfbe-4fe2-9356-1739f2ad24bc_g3,73dfa096-dfbe-4fe2-9356-1739f2ad24bc,3,4,0.2582,422,55.5,14.34,0.997
91,73dfa096-dfbe-4fe2-9356-1739f2ad24bc_g8,73dfa096-dfbe-4fe2-9356-1739f2ad24bc,3,4,0.2582,444,53.3,13.75,0.998
92,17a54fc4-a003-470c-b3b6-c1fbd2aeea04_g8,17a54fc4-a003-470c-b3b6-c1fbd2aeea04,9,10,0.2582,331,46.6,12.03,0.998
93,17a54fc4-a003-470c-b3b6-c1fbd2aeea04_g13,17a54fc4-a003-470c-b3b6-c1fbd2aeea04,9,10,0.2582,471,37.5,9.69,0.999
94,73dfa096-dfbe-4fe2-9356-1739f2ad24bc_g0,73dfa096-dfbe-4fe2-9356-1739f2ad24bc,3,4,0.2582,430,36.5,9.42,0.999
95,ac2bc4b7-1928-4fbf-9a2e-0f9f0465a898_g2,ac2bc4b7-1928-4fbf-9a2e-0f9f0465a898,9,10,0.2582,325,35.5,9.16,0.999
96,b0b1ed1e-acae-4ff0-90ad-d7cce78fe4ff_g3,b0b1ed1e-acae-4ff0-90ad-d7cce78fe4ff,1,2,0.7888,91,10.5,8.30,0.999
97,79bdb2e0-c9fd-43f7-9d11-6ffe67b7b909_g1,79bdb2e0-c9fd-43f7-9d11-6ffe67b7b909,5,6,1.0000,37,5.8,5.75,1.000
98,e76c1946-2827-4577-9c33-3d374730a812_g0,e76c1946-2827-4577-9c33-3d374730a812,3,4,0.3789,120,14.2,5.38,1.000
99,73dfa096-dfbe-4fe2-9356-1739f2ad24bc_g6,73dfa096-dfbe-4fe2-9356-1739f2ad24bc,3,4,0.2582,194,15.9,4.10,1.000
100,040e6030-47a2-4d90-9817-712ccf379550_g14,040e6030-47a2-4d90-9817-712ccf379550,2,3,0.2582,130,10.0,2.59,1.000
101,131b5831-cb17-446d-9b2c-ac327eb4243b_g10,131b5831-cb17-446d-9b2c-ac327eb4243b,8,9,0.4830,25,3.0,1.46,1.000
102,05832c41-71ce-4f68-9b29-10abe5e53ea5_g12,05832c41-71ce-4f68-9b29-10abe5e53ea5,1,2,0.3789,12,1.3,0.48,1.000
