rank,sample_id,group_id,target_step,train_step,adv,deep_think_tokens,live_deep_sum_1mp,absadv_x_live,cum_share
1,779f87bb-1a1a-4ccb-aec1-d5c81f50a627_g4,779f87bb-1a1a-4ccb-aec1-d5c81f50a627,7,8,3.6148,9128,1108.4,4006.56,0.121
2,779f87bb-1a1a-4ccb-aec1-d5c81f50a627_g14,779f87bb-1a1a-4ccb-aec1-d5c81f50a627,7,8,3.6148,7156,936.5,3385.32,0.223
3,a1edc14f-5db4-4fa8-bbf8-215c55670fda_g10,a1edc14f-5db4-4fa8-bbf8-215c55670fda,3,4,3.6148,5204,583.6,2109.57,0.287
4,4141e822-fa3b-4e5b-b279-6ecfbbf3c646_g1,4141e822-fa3b-4e5b-b279-6ecfbbf3c646,0,1,3.6148,4780,493.4,1783.61,0.340
5,d78a5a94-453d-4f98-b9a8-b6f8bfd30341_g13,d78a5a94-453d-4f98-b9a8-b6f8bfd30341,7,8,2.4630,5488,680.5,1676.07,0.391
6,cd384fcb-a3a2-41ba-9390-793302e621ce_g1,cd384fcb-a3a2-41ba-9390-793302e621ce,5,6,3.6148,2630,371.7,1343.43,0.431
7,3a0c5e0d-8cca-4d59-a587-e8f73c19065c_g0,3a0c5e0d-8cca-4d59-a587-e8f73c19065c,6,7,1.3663,7590,932.6,1274.11,0.470
8,8fa2d673-b60e-4e73-8e96-96d3a3e25278_g10,8fa2d673-b60e-4e73-8e96-96d3a3e25278,4,5,1.9322,6362,638.8,1234.26,0.507
9,03bb505d-a7c0-4aec-8e18-d5ef222922ba_g14,03bb505d-a7c0-4aec-8e18-d5ef222922ba,6,7,1.1832,6788,720.0,851.86,0.533
10,5e085740-b961-42c1-a744-9786a82093d0_g3,5e085740-b961-42c1-a744-9786a82093d0,3,4,1.9322,3733,440.9,851.85,0.558
11,3e961b3f-738d-4bca-9eb3-33791f070295_g13,3e961b3f-738d-4bca-9eb3-33791f070295,4,5,1.3663,5537,582.4,795.69,0.582
12,2b4c16ef-b6fb-467b-b495-19d8d3462a42_g1,2b4c16ef-b6fb-467b-b495-19d8d3462a42,5,6,1.3663,5437,558.8,763.45,0.605
13,c00b5a06-a082-4856-84d0-731dc633c271_g11,c00b5a06-a082-4856-84d0-731dc633c271,7,8,1.3663,4425,459.0,627.14,0.624
14,2b4c16ef-b6fb-467b-b495-19d8d3462a42_g3,2b4c16ef-b6fb-467b-b495-19d8d3462a42,5,6,1.3663,4386,453.4,619.52,0.643
15,d78a5a94-453d-4f98-b9a8-b6f8bfd30341_g3,d78a5a94-453d-4f98-b9a8-b6f8bfd30341,7,8,2.4630,2420,227.6,560.61,0.660
16,63807bdb-0ef4-463d-b2a5-9678a47dafb7_g7,63807bdb-0ef4-463d-b2a5-9678a47dafb7,4,5,3.6148,1977,138.2,499.54,0.675
17,4cb99681-c6f7-4eca-9ea3-3a826199a8dd_g13,4cb99681-c6f7-4eca-9ea3-3a826199a8dd,2,3,0.7888,6491,585.0,461.46,0.689
18,7aa61d9d-86ff-480a-a8bb-b17a6cd03381_g14,7aa61d9d-86ff-480a-a8bb-b17a6cd03381,3,4,0.4830,7469,878.2,424.22,0.702
19,34e80815-ec54-40ad-91ed-cf31c41414d9_g3,34e80815-ec54-40ad-91ed-cf31c41414d9,4,5,1.6021,2614,218.0,349.33,0.712
20,cb95bff8-f72f-468e-a42d-3420b629bf1c_g15,cb95bff8-f72f-468e-a42d-3420b629bf1c,1,2,2.4630,1000,136.2,335.36,0.722
21,c00b5a06-a082-4856-84d0-731dc633c271_g7,c00b5a06-a082-4856-84d0-731dc633c271,7,8,1.3663,2244,241.6,330.06,0.732
22,ca08f72f-e1f6-4477-a8cb-b8144044ad89_g6,ca08f72f-e1f6-4477-a8cb-b8144044ad89,7,8,1.1832,2327,277.2,327.95,0.742
23,ce036ab2-8514-4a55-96d5-44827abd94c8_g15,ce036ab2-8514-4a55-96d5-44827abd94c8,2,3,0.5826,5470,540.1,314.65,0.752
24,e433a0a2-6ca4-4951-9b45-72f01ae9b479_g14,e433a0a2-6ca4-4951-9b45-72f01ae9b479,1,2,0.7888,4019,392.9,309.92,0.761
25,d2007e5f-91f3-4b22-b266-f3928e3aa43a_g1,d2007e5f-91f3-4b22-b266-f3928e3aa43a,9,10,2.4630,1130,122.2,301.10,0.770
26,57d930b3-4e44-4cab-9f77-d975ad38267d_g5,57d930b3-4e44-4cab-9f77-d975ad38267d,2,3,1.0328,1988,268.2,276.95,0.778
27,34e80815-ec54-40ad-91ed-cf31c41414d9_g8,34e80815-ec54-40ad-91ed-cf31c41414d9,4,5,1.6021,1346,168.1,269.33,0.787
28,cd384fcb-a3a2-41ba-9390-793302e621ce_g11,cd384fcb-a3a2-41ba-9390-793302e621ce,5,6,3.6148,394,71.6,258.82,0.794
29,5e085740-b961-42c1-a744-9786a82093d0_g15,5e085740-b961-42c1-a744-9786a82093d0,3,4,1.9322,1177,132.3,255.63,0.802
30,d2007e5f-91f3-4b22-b266-f3928e3aa43a_g15,d2007e5f-91f3-4b22-b266-f3928e3aa43a,9,10,2.4630,1297,103.6,255.13,0.810
31,5e085740-b961-42c1-a744-9786a82093d0_g4,5e085740-b961-42c1-a744-9786a82093d0,3,4,1.9322,1292,130.8,252.74,0.817
32,ca08f72f-e1f6-4477-a8cb-b8144044ad89_g10,ca08f72f-e1f6-4477-a8cb-b8144044ad89,7,8,1.1832,1741,199.3,235.77,0.824
33,641fc771-5ea1-4b7f-a618-7646e4604884_g13,641fc771-5ea1-4b7f-a618-7646e4604884,7,8,1.0328,2120,224.5,231.85,0.831
34,b2d9239e-3165-47b0-8bb2-7390be2de7ac_g3,b2d9239e-3165-47b0-8bb2-7390be2de7ac,9,10,0.6831,3467,338.8,231.47,0.838
35,b2d9239e-3165-47b0-8bb2-7390be2de7ac_g14,b2d9239e-3165-47b0-8bb2-7390be2de7ac,9,10,0.6831,4754,337.2,230.34,0.845
36,641fc771-5ea1-4b7f-a618-7646e4604884_g3,641fc771-5ea1-4b7f-a618-7646e4604884,7,8,1.0328,1675,199.8,206.36,0.852
37,ad2b6bbf-72e9-4bfc-84f5-e6eb58094baf_g4,ad2b6bbf-72e9-4bfc-84f5-e6eb58094baf,3,4,1.0000,1181,203.1,203.08,0.858
38,dc633262-ce0d-4eb4-8b01-f20e5b915c02_g7,dc633262-ce0d-4eb4-8b01-f20e5b915c02,6,7,0.4830,3582,414.8,200.38,0.864
39,4cb99681-c6f7-4eca-9ea3-3a826199a8dd_g10,4cb99681-c6f7-4eca-9ea3-3a826199a8dd,2,3,0.7888,2554,244.2,192.63,0.870
40,7aa61d9d-86ff-480a-a8bb-b17a6cd03381_g7,7aa61d9d-86ff-480a-a8bb-b17a6cd03381,3,4,0.4830,3384,372.7,180.01,0.875
41,7aa61d9d-86ff-480a-a8bb-b17a6cd03381_g10,7aa61d9d-86ff-480a-a8bb-b17a6cd03381,3,4,0.4830,3338,367.7,177.59,0.880
42,f77b5925-26d6-471a-a3fd-c93efb597daa_g7,f77b5925-26d6-471a-a3fd-c93efb597daa,5,6,0.9037,1584,193.9,175.18,0.886
43,fcdc6b93-dbe1-44f1-9458-dde670be631c_g15,fcdc6b93-dbe1-44f1-9458-dde670be631c,7,8,0.6831,2261,254.8,174.05,0.891
44,dc633262-ce0d-4eb4-8b01-f20e5b915c02_g10,dc633262-ce0d-4eb4-8b01-f20e5b915c02,6,7,0.4830,3013,330.7,159.74,0.896
45,cdcc98a1-a213-4eca-a19c-55142e828a86_g12,cdcc98a1-a213-4eca-a19c-55142e828a86,4,5,0.5826,2937,267.1,155.58,0.900
46,fcdc6b93-dbe1-44f1-9458-dde670be631c_g3,fcdc6b93-dbe1-44f1-9458-dde670be631c,7,8,0.6831,2794,224.5,153.39,0.905
47,dc633262-ce0d-4eb4-8b01-f20e5b915c02_g5,dc633262-ce0d-4eb4-8b01-f20e5b915c02,6,7,0.4830,3099,309.3,149.43,0.910
48,cf063fe6-2fb7-45b6-9fbe-14034c37ac90_g0,cf063fe6-2fb7-45b6-9fbe-14034c37ac90,6,7,0.2582,5324,566.6,146.29,0.914
49,0afd2ebe-a8dd-488f-9fe2-7d5ff9c22c9a_g7,0afd2ebe-a8dd-488f-9fe2-7d5ff9c22c9a,6,7,0.5826,1991,245.8,143.21,0.918
50,3a0c5e0d-8cca-4d59-a587-e8f73c19065c_g13,3a0c5e0d-8cca-4d59-a587-e8f73c19065c,6,7,1.3663,911,102.8,140.46,0.922
51,83157f44-945e-4a48-b353-452665bebff3_g12,83157f44-945e-4a48-b353-452665bebff3,5,6,0.9037,1645,146.1,132.02,0.926
52,3c85aa08-d126-46f9-96c0-30149d7c34ee_g9,3c85aa08-d126-46f9-96c0-30149d7c34ee,2,3,0.3789,3153,335.2,127.04,0.930
53,b2d9239e-3165-47b0-8bb2-7390be2de7ac_g7,b2d9239e-3165-47b0-8bb2-7390be2de7ac,9,10,0.6831,3336,175.0,119.55,0.934
54,7f657d24-7a67-44da-a4b1-a0cb2e4d4fb5_g6,7f657d24-7a67-44da-a4b1-a0cb2e4d4fb5,7,8,0.3789,1927,309.4,117.22,0.937
55,7aa61d9d-86ff-480a-a8bb-b17a6cd03381_g13,7aa61d9d-86ff-480a-a8bb-b17a6cd03381,3,4,0.4830,1888,227.7,109.97,0.941
56,c0796d79-55f6-475b-817a-784bda2d6c76_g14,c0796d79-55f6-475b-817a-784bda2d6c76,1,2,1.0328,773,96.1,99.26,0.944
57,83157f44-945e-4a48-b353-452665bebff3_g4,83157f44-945e-4a48-b353-452665bebff3,5,6,0.9037,611,106.3,96.03,0.947
58,8a484fb8-ef29-4b16-b48d-b63f03a6d175_g8,8a484fb8-ef29-4b16-b48d-b63f03a6d175,1,2,0.2582,3222,370.5,95.67,0.950
59,b2d9239e-3165-47b0-8bb2-7390be2de7ac_g2,b2d9239e-3165-47b0-8bb2-7390be2de7ac,9,10,0.6831,1212,137.5,93.93,0.952
60,8c9b59a0-f782-4536-aa2d-1b84e4280b77_g14,8c9b59a0-f782-4536-aa2d-1b84e4280b77,5,6,0.9037,877,102.7,92.83,0.955
61,dc633262-ce0d-4eb4-8b01-f20e5b915c02_g12,dc633262-ce0d-4eb4-8b01-f20e5b915c02,6,7,0.4830,2027,186.9,90.28,0.958
62,11f3a18d-8573-4f2d-a645-c5138d0fe8f0_g0,11f3a18d-8573-4f2d-a645-c5138d0fe8f0,6,7,0.9037,896,83.4,75.38,0.960
63,cf063fe6-2fb7-45b6-9fbe-14034c37ac90_g8,cf063fe6-2fb7-45b6-9fbe-14034c37ac90,6,7,0.2582,2614,276.5,71.40,0.962
64,4cb99681-c6f7-4eca-9ea3-3a826199a8dd_g15,4cb99681-c6f7-4eca-9ea3-3a826199a8dd,2,3,0.7888,803,89.3,70.44,0.964
65,6dcade5e-9a50-4bc0-a666-33e82696dab4_g5,6dcade5e-9a50-4bc0-a666-33e82696dab4,2,3,0.5826,1078,120.5,70.23,0.967
66,e04c2428-e8d8-4b7f-be60-43f4d092f334_g1,e04c2428-e8d8-4b7f-be60-43f4d092f334,8,9,0.5826,998,119.2,69.44,0.969
67,7aa61d9d-86ff-480a-a8bb-b17a6cd03381_g3,7aa61d9d-86ff-480a-a8bb-b17a6cd03381,3,4,0.4830,1001,134.8,65.11,0.971
68,0afd2ebe-a8dd-488f-9fe2-7d5ff9c22c9a_g5,0afd2ebe-a8dd-488f-9fe2-7d5ff9c22c9a,6,7,0.5826,737,101.3,59.01,0.972
69,88cae276-3207-4a8d-abb5-a166f1a1d5e1_g6,88cae276-3207-4a8d-abb5-a166f1a1d5e1,8,9,1.9322,237,29.9,57.77,0.974
70,dc633262-ce0d-4eb4-8b01-f20e5b915c02_g4,dc633262-ce0d-4eb4-8b01-f20e5b915c02,6,7,0.4830,1194,118.9,57.42,0.976
71,b2d9239e-3165-47b0-8bb2-7390be2de7ac_g0,b2d9239e-3165-47b0-8bb2-7390be2de7ac,9,10,0.6831,936,78.2,53.40,0.977
72,f77b5925-26d6-471a-a3fd-c93efb597daa_g12,f77b5925-26d6-471a-a3fd-c93efb597daa,5,6,0.9037,260,58.3,52.66,0.979
73,8c9b59a0-f782-4536-aa2d-1b84e4280b77_g12,8c9b59a0-f782-4536-aa2d-1b84e4280b77,5,6,0.9037,455,56.6,51.14,0.981
74,37320fc2-8c12-4cc1-92a5-156312ea20d5_g15,37320fc2-8c12-4cc1-92a5-156312ea20d5,3,4,0.2582,1658,194.6,50.24,0.982
75,5dffef06-0c9c-4b59-ad6e-193d8469b92a_g14,5dffef06-0c9c-4b59-ad6e-193d8469b92a,7,8,0.3789,1804,132.0,50.03,0.984
76,10932cf0-6cdf-430f-b1e3-37f7bcc40c49_g10,10932cf0-6cdf-430f-b1e3-37f7bcc40c49,8,9,1.0000,520,47.1,47.07,0.985
77,b2d9239e-3165-47b0-8bb2-7390be2de7ac_g5,b2d9239e-3165-47b0-8bb2-7390be2de7ac,9,10,0.6831,531,62.2,42.50,0.986
78,3a0c5e0d-8cca-4d59-a587-e8f73c19065c_g5,3a0c5e0d-8cca-4d59-a587-e8f73c19065c,6,7,1.3663,270,31.0,42.37,0.988
79,a1edc14f-5db4-4fa8-bbf8-215c55670fda_g15,a1edc14f-5db4-4fa8-bbf8-215c55670fda,3,4,3.6148,117,11.1,40.30,0.989
80,bcbc9439-ca0a-4601-9892-cc4c6197c698_g5,bcbc9439-ca0a-4601-9892-cc4c6197c698,8,9,0.2582,1317,131.7,34.01,0.990
81,7aa61d9d-86ff-480a-a8bb-b17a6cd03381_g1,7aa61d9d-86ff-480a-a8bb-b17a6cd03381,3,4,0.4830,752,70.2,33.92,0.991
82,11f3a18d-8573-4f2d-a645-c5138d0fe8f0_g14,11f3a18d-8573-4f2d-a645-c5138d0fe8f0,6,7,0.9037,391,36.8,33.30,0.992
83,57d930b3-4e44-4cab-9f77-d975ad38267d_g14,57d930b3-4e44-4cab-9f77-d975ad38267d,2,3,1.0328,213,25.6,26.39,0.993
84,0b25e1e1-6f99-4c1a-b185-dbde193263f8_g6,0b25e1e1-6f99-4c1a-b185-dbde193263f8,5,6,0.5826,378,41.8,24.38,0.993
85,8a484fb8-ef29-4b16-b48d-b63f03a6d175_g11,8a484fb8-ef29-4b16-b48d-b63f03a6d175,1,2,0.2582,703,92.7,23.92,0.994
86,cb95bff8-f72f-468e-a42d-3420b629bf1c_g14,cb95bff8-f72f-468e-a42d-3420b629bf1c,1,2,2.4630,42,9.3,22.98,0.995
87,5dffef06-0c9c-4b59-ad6e-193d8469b92a_g0,5dffef06-0c9c-4b59-ad6e-193d8469b92a,7,8,0.3789,461,60.2,22.81,0.996
88,34e80815-ec54-40ad-91ed-cf31c41414d9_g15,34e80815-ec54-40ad-91ed-cf31c41414d9,4,5,1.6021,73,11.7,18.81,0.996
89,7aa61d9d-86ff-480a-a8bb-b17a6cd03381_g12,7aa61d9d-86ff-480a-a8bb-b17a6cd03381,3,4,0.4830,392,38.6,18.63,0.997
90,c00b5a06-a082-4856-84d0-731dc633c271_g8,c00b5a06-a082-4856-84d0-731dc633c271,7,8,1.3663,117,12.8,17.45,0.997
91,4cb99681-c6f7-4eca-9ea3-3a826199a8dd_g9,4cb99681-c6f7-4eca-9ea3-3a826199a8dd,2,3,0.7888,176,22.1,17.43,0.998
92,dc633262-ce0d-4eb4-8b01-f20e5b915c02_g3,dc633262-ce0d-4eb4-8b01-f20e5b915c02,6,7,0.4830,276,34.4,16.64,0.998
93,3c85aa08-d126-46f9-96c0-30149d7c34ee_g3,3c85aa08-d126-46f9-96c0-30149d7c34ee,2,3,0.3789,310,34.0,12.87,0.999
94,bcbc9439-ca0a-4601-9892-cc4c6197c698_g6,bcbc9439-ca0a-4601-9892-cc4c6197c698,8,9,0.2582,399,47.6,12.30,0.999
95,cdcc98a1-a213-4eca-a19c-55142e828a86_g5,cdcc98a1-a213-4eca-a19c-55142e828a86,4,5,0.5826,221,20.4,11.90,0.999
96,4d2be328-0a0c-468e-930b-615bf9453240_g13,4d2be328-0a0c-468e-930b-615bf9453240,4,5,0.2582,312,32.1,8.29,1.000
97,fcdc6b93-dbe1-44f1-9458-dde670be631c_g13,fcdc6b93-dbe1-44f1-9458-dde670be631c,7,8,0.6831,104,7.0,4.76,1.000
98,00b7b67b-c8d1-4d7c-83b6-407840918760_g1,00b7b67b-c8d1-4d7c-83b6-407840918760,2,3,1.0000,34,3.5,3.52,1.000
99,bbd338bc-59ac-4416-b465-12c286b78f0e_g14,bbd338bc-59ac-4416-b465-12c286b78f0e,3,4,0.3789,71,6.7,2.54,1.000
100,3e961b3f-738d-4bca-9eb3-33791f070295_g1,3e961b3f-738d-4bca-9eb3-33791f070295,4,5,1.3663,6,1.3,1.75,1.000
101,63f634b4-7451-450a-a237-adf49795c82f_g0,63f634b4-7451-450a-a237-adf49795c82f,8,9,0.4830,16,2.6,1.24,1.000
102,88cae276-3207-4a8d-abb5-a166f1a1d5e1_g0,88cae276-3207-4a8d-abb5-a166f1a1d5e1,8,9,1.9322,5,0.3,0.61,1.000
