arm,step,share_all_gen_pct
main,1,3.1870032919666436
main,2,0.9742950476459433
main,3,2.2920647547806747
main,4,2.3880504532484226
main,5,0.9089940657613975
main,6,3.8585068107926763
main,7,4.100196753807807
main,8,10.974274084055498
main,9,3.303231282296768
main,10,2.6073827474073825
main,11,3.1031727144196166
main,12,0.45280401244537055
main,13,1.9629433941624574
main,14,1.7145404511959215
main,15,6.324702040499066
main,16,7.528328906194466
main,17,5.2669619115633655
main,18,3.6062201323218237
main,19,8.829959552470514
main,20,3.268842117716211
main,21,6.520280857192168
main,22,10.529651699792211
main,23,4.844334311174981
main,24,4.6312424800619105
main,25,13.230567244014768
main,26,4.959131249274151
main,27,8.994330703246577
main,28,3.860122075018047
main,29,4.611819325766254
main,30,11.103772066519028
main,31,11.893656173367582
main,32,10.75530079558677
main,33,7.037296026971257
main,34,4.845905837940767
main,35,8.092513904394979
main,36,2.541775069604063
main,37,10.592622993667815
main,38,6.955478317365718
main,39,6.269623080647933
main,40,5.128845136358242
main,41,3.6231074735798727
main,42,5.892218950039513
main,43,2.4700747519519286
main,44,2.9690990879499277
main,45,3.5437207148854712
main,46,3.7822829079419416
main,47,7.537566858039172
main,48,3.9127280760312053
main,49,9.531413238477596
main,50,5.406276217393128
main,51,8.154432856130853
main,52,8.55473075659637
main,53,8.080100669573424
main,54,9.613577274854794
main,55,10.720501721562034
main,56,13.422551229164398
main,57,16.153240129676224
main,58,4.4026019399046
main,59,13.153740937294709
main,60,15.68215096671127
A,1,3.467009916727211
A,2,2.467198190784632
A,3,0.0
A,4,0.6802955204662481
A,5,0.8379103336778482
A,6,0.0
A,7,2.71970971952917
A,8,7.512926762756274
A,9,0.0
A,10,1.8086233920470631
A,11,3.688822376473529
A,12,1.1748256224254836
A,13,1.1372894384005825
A,14,1.0040346143707546
A,15,2.4391646747649416
A,16,1.5424740724577721
A,17,0.9607619293636955
A,18,0.709740527064792
A,19,3.902292367891026
A,20,0.0
A,21,0.0
A,22,0.0
A,23,0.02708635984431414
A,24,0.0
A,25,0.990985321509584
A,26,0.0
A,27,0.10986437298314544
A,28,0.09536059675779772
A,29,0.09708256543917243
A,30,0.5088087822977964
A,31,0.5585957768981227
A,32,0.579021254345488
A,33,0.0
A,34,0.26072671369421974
A,35,0.11793439141001054
A,36,1.070560575826084
A,37,0.6676416868921861
A,38,0.12437211001678887
A,39,0.3531187255820858
A,40,3.07216192785928
A,41,0.040852302079850536
A,42,0.08705407483361847
A,43,0.0
A,44,0.0
B,11,3.3699276490802714
B,12,1.0617602254980256
B,13,1.6093425437484574
B,14,4.689701020994085
B,15,3.7643974757134906
B,16,4.1930687319823745
B,17,3.7251790093197887
B,18,1.768404420514033
B,19,9.923924172543593
B,20,2.0775307284508147
B,21,3.2479282732504235
B,22,8.90252717552182
B,23,2.4455323973591123
B,24,5.476278178996348
B,25,5.3960656409597405
B,26,6.4583250829347
B,27,5.898056872463366
B,28,2.270334436362665
B,29,4.453740835268083
D,11,1.8966336732157563
D,12,0.0
D,13,0.8698264885956384
D,14,2.9854830226264317
D,15,7.3135100227483605
D,16,3.4399765770736512
D,17,4.3782802598244155
D,18,1.6389735305496294
D,19,9.344165212399588
D,20,4.564222481189464
D,21,4.522005829643569
D,22,11.265708577410647
D,23,9.308282131981382
D,24,6.305749469764753
D,25,17.800415297155634
D,26,12.66973422045662
D,27,29.204058320939996
D,28,24.046824812553727
D,29,26.44948977206884
D,30,29.19212331660616
F,11,1.3966699742347959
F,12,0.25490909444384546
F,13,0.38567524917841806
F,14,0.39674240892878915
F,15,0.2325106937522339
F,16,3.789410755511915
F,17,0.6083601088443741
F,18,0.0
F,19,3.1765510531143115
F,20,1.6491438318097376
F,21,0.6365477702683654
F,22,3.0264848711395214
F,23,0.3620141599434377
F,24,0.0798946081942099
F,25,0.14534173981676307
F,26,0.09239903011650033
F,27,0.0
F,28,0.2693967422918931
F,29,0.0
F,30,0.029086306593852695
F,31,0.0
F,32,0.0
F,33,2.191193537650738
F,34,0.3345928160898428
F,35,0.0
G,1,0.5894825657249539
G,2,0.0
G,3,1.9154438420684508
G,4,1.174724799106461
G,5,1.3568890532075297
G,6,0.37237577301271385
G,7,6.7260781820575675
G,8,9.20067383883426
G,9,1.6243822764214932
G,10,1.205379055814021
G,11,1.43539172388815
G,12,2.8492392890243923
G,13,2.003009740607668
G,14,2.5813038049479076
G,15,7.576060342300043
G,16,9.361650125159024
G,17,4.942082805334025
G,18,3.0425412228478104
G,19,9.775531593116437
G,20,4.838926353169698
G,21,5.880455957296775
G,22,8.03518289954677
G,23,4.826655674242235
G,24,9.632055166582079
G,25,10.278408496324309
G,26,8.3752981136658
G,27,14.46193090151362
G,28,9.398223762938068
G,29,12.491765257249257
G,30,20.887500747248982
G,31,14.0207095517439
G,32,9.381157946714527
G,33,15.03856406525768
G,34,13.11440291077441
G,35,28.043955369130774
G,36,25.62685551685844
I,1,1.9411151133358515
I,2,0.9452770378671116
I,3,0.4159760046576081
I,4,2.404677384649496
I,5,1.7888723445239794
I,6,2.8763197985650053
I,7,4.5938549484170546
I,8,12.809587677833575
I,9,0.6931290140173199
I,10,1.7402605509260625
I,11,2.002288354142531
I,12,4.311039507308954
I,13,1.8214849375926125
I,14,2.5676558980033937
I,15,3.5250006904532456
I,16,4.167516545247989
I,17,1.9927315640282592
I,18,1.9199937097324182
I,19,8.603429358472898
I,20,0.34668997607595375
I,21,2.4294645030280293
I,22,5.113476895723131
I,23,1.861866456954847
I,24,6.733332161330983
I,25,10.527301758721556
I,26,6.228006589580246
I,27,11.10562700449634
I,28,10.976407471233644
I,29,7.601275755316009
I,30,19.531859206309914
I,31,17.003327578344194
I,32,21.48462360358728
I,33,9.166032470779706
I,34,10.950290763473037
I,35,20.46076960458262
I,36,17.440957881325673
I,37,26.051991567620856
J,1,1.8297151376050504
J,2,1.9150475898634671
J,3,3.9702112040950985
J,4,3.3876449938366844
J,5,0.0
J,6,0.7001200332193117
J,7,3.3141390659273107
J,8,10.915494387675015
J,9,3.0667098063477973
J,10,0.2986489058100671
J,11,5.140048156576139
J,12,0.05586133139221748
J,13,1.2060799196593384
J,14,3.423790570208216
J,15,1.8704125509661582
J,16,2.3385454635284484
J,17,2.5731066384224404
J,18,1.5585682962409109
J,19,9.132140862941316
J,20,1.9983791825845982
J,21,0.4719344336337625
J,22,2.8541550194902503
J,23,0.4553475321555394
J,24,0.17606085051039938
J,25,0.045607756758236966
J,26,0.5604562331841366
J,27,1.284546815497314
J,28,0.0
J,29,0.0
J,30,1.8297301449701713
J,31,0.17660773722020562
J,32,2.9358149873736097
J,33,0.0
J,34,0.0
J,35,0.25781607471796086
J,36,0.0
J,37,0.0842608162487512
J,38,0.3540301905929831
J,39,0.0
J,40,0.0
J,41,0.5659515344666284
J,42,0.0
J,43,0.0
J,44,0.0
J,45,0.03421846670190018
J,46,0.0
J,47,0.4410473331656633
J,48,0.0
J,49,0.20819957095214983
J,50,0.6745001348629038
K,1,0.503884224864962
K,2,3.6843843255070756
K,3,1.4940054232171283
K,4,1.8973807210141467
K,5,3.466251762439081
K,6,2.3706210752649786
K,7,4.442560508453207
K,8,9.689951989175425
K,9,3.430721761003304
K,10,0.7068376128508255
K,11,4.58995685658916
K,12,3.77134009737694
K,13,0.45068339061939006
K,14,2.2333077252652784
K,15,2.506544051912176
K,16,1.850196188486084
K,17,1.813481838064875
K,18,0.0
K,19,6.109595716169764
K,20,0.13236075709248457
K,21,0.4988354104562736
K,22,0.0
K,23,1.1298919089444934
K,24,0.0
K,25,0.6087492623005856
K,26,0.3188081885463975
K,27,0.0
K,28,1.0924749556908124
L,11,2.055192075888955
L,12,2.3462392598787996
L,13,1.5699244734057594
L,14,1.9886393288033009
L,15,5.131829448338038
L,16,3.3422135208351498
L,17,1.5822941296536206
L,18,0.851931780916124
L,19,6.714327580658401
L,20,0.49740562670921395
L,21,0.6402497616114311
L,22,8.966521402129008
L,23,5.705230716109886
L,24,2.698707846851193
L,25,9.375640102086004
L,26,3.2641777464065442
L,27,13.143565880076803
L,28,10.327895234914818
L,29,11.997398254079618
L,30,20.799376826530484
L,31,0.0
M,1,1.9699043821447835
M,2,0.86340565156433
M,3,2.6480623184775367
M,4,2.121588040674882
M,5,1.3880963585211523
M,6,1.7860197111548886
M,7,6.188088926657292
M,8,9.408167772091414
M,9,2.7824167749459177
M,10,1.9368675487821263
M,11,1.480034190339538
M,12,2.152744998068977
M,13,2.991861673285212
M,14,0.8476194858659102
M,15,1.3308459000446535
M,16,3.1561203433893095
M,17,3.0011719512198085
M,18,0.20313994877676295
M,19,4.603077229628383
M,20,1.6940985756977678
M,21,0.753971380647048
M,22,0.35056140079511844
M,23,0.0
M,24,0.0
M,25,0.6135179458074045
M,26,0.0
N,1,1.4781449382191392
N,2,0.0
N,3,1.3099579787719653
N,4,3.086859559824563
N,5,1.983958765259612
N,6,2.468610069304077
N,7,5.2804652428420695
N,8,9.090632574100146
N,9,2.3341217319837058
N,10,1.0271581413181536
N,11,3.7178332858030534
N,12,1.3555582618756103
N,13,1.0782346633769264
N,14,1.9189975869576408
N,15,1.660466889752332
N,16,3.754924332985806
N,17,1.1172476266042557
N,18,0.0
N,19,5.2440169807061645
N,20,0.8910214771515368
N,21,1.1131537101400504
N,22,2.209839827030843
N,23,0.0
N,24,0.0
N,25,0.0
N,26,0.0
P4,1,1.1233909931975763
P4,2,1.9195060651830855
P4,3,1.4983067008735407
P4,4,3.9734849248621513
P4,5,0.938352816083301
P4,6,3.0132403608222806
P4,7,3.548516690424718
P4,8,9.468127138821048
P4,9,1.4478674734603336
P4,10,0.48916780426311035
P4,11,0.9494762060168066
P4,12,1.1293998965853127
P4,13,0.0
P4,14,1.7189534992758682
P4,15,0.9540191266822777
P4,16,0.0
P4,17,0.0
P4,18,0.0
P4,19,1.075866745647148
P4,20,0.0
P4,21,0.0
P4,22,0.0
P4,23,0.0
P4,24,0.5486139767945645
P4,25,0.0
P4,26,0.0
P4,27,0.0
P4,28,0.0
P4,29,0.0
P4,30,0.0
P4,31,0.030158470991054738
P4,32,0.0
P4,33,0.0
P4,34,0.0
P4,35,0.0
P4,36,0.0
P4,37,0.3080680256893546
P4,38,0.0
P4,39,0.030680029993557723
P4,40,0.014928945923455911
P4,41,0.0
P4,42,0.0974617141677097
P4,43,0.0
P4,44,0.20817315506332396
P4,45,0.0
P4,46,0.04819881820942157
P4,47,0.045135638929542
P4,48,0.3490654473220092
P4,49,0.0
P4,50,0.0
P4,51,0.0
P4,52,0.0
P4,53,0.0
P4,54,0.0
P4,55,0.01524558825500903
P4,56,0.0
P4,57,0.6928638194924889
P4,58,0.08394934639402975
P4,59,0.1932647436936343
P4,60,0.6107030896905584
P4b,1,2.165664888148969
P4b,2,1.4093577560650234
P4b,3,1.5129652153233415
P4b,4,2.1304639085000803
P4b,5,1.6438065685861145
P4b,6,2.3021646720253073
P4b,7,4.054730466314878
P4b,8,5.899907308483887
P4b,9,2.562435199714024
P4b,10,0.885156533288435
P4b,11,0.7737114453879351
P4b,12,0.40312921997253565
P4b,13,0.738412872263181
P4b,14,0.0
P4b,15,4.735880623704567
P4b,16,2.142418554752827
P4b,17,4.2876381913344375
P4b,18,3.677645737707429
P4b,19,9.79393971026948
P4b,20,5.570572324657125
P4b,21,6.511671218225424
P4b,22,11.875911150231808
Q4,1,4.833184835845273
Q4,2,0.0
Q4,3,3.4252096797216347
Q4,4,3.154655857069949
Q4,5,0.8859666950488767
Q4,6,0.43085230096265575
Q4,7,7.714547215827737
Q4,8,9.661927132506
Q4,9,3.186551343785735
Q4,10,1.8470361358839895
Q4,11,4.2925957648955615
Q4,12,2.530811229455271
Q4,13,2.7806143602090936
Q4,14,7.8000959432671335
Q4,15,3.445801745100844
Q4,16,2.2931333892023473
Q4,17,4.094391164632376
Q4,18,0.5752128273274365
Q4,19,5.643348082913568
Q4,20,1.390999809311156
Q4,21,0.7766793005479207
Q4,22,2.1197932280084775
Q4,23,0.0
Q4,24,0.27477142431816204
Q4,25,0.7105520473550491
Q4,26,1.1836081352815606
Q4,27,0.3645057856515295
Q4,28,0.0
Q4,29,0.0
Q4,30,0.0
Q4,31,0.1866705979918042
Q4,32,0.08508207207380492
Q4,33,0.0
Q4,34,0.0
Q4,35,0.0
Q4,36,0.0
Q4,37,0.01566157233286936
Q4,38,0.0
Q4,39,0.0
Q4,40,0.0
Q4b,1,0.6719445990014006
Q4b,2,0.6199272832038719
Q4b,3,0.9192829710871487
Q4b,4,2.490051707457739
Q4b,5,0.03619731066588911
Q4b,6,0.727669172909583
Q4b,7,4.112738820873895
Q4b,8,8.329833369506666
Q4b,9,1.6536352919991344
Q4b,10,1.4338841653683965
Q4b,11,5.445650333479842
Q4b,12,0.7651197844822677
Q4b,13,0.8866467057318344
Q4b,14,1.415263962726355
Q4b,15,0.7241134385909008
Q4b,16,2.7113919240726942
Q4b,17,0.0
Q4b,18,0.8447470473177111
Q4b,19,0.043158582235291
Q4b,20,0.0
S,1,1.370486522677715
S,2,0.5728265080277861
S,3,0.4087825433626322
S,4,1.7347275708301721
S,5,2.9290407727317684
S,6,1.4904607332764679
S,7,3.10931011737722
S,8,7.6522318810068475
S,9,1.1071167744141863
S,10,0.5664563811010649
S,11,3.6919929795597732
S,12,1.9471125491765173
T,1,0.21907879172489386
T,2,0.10289447341427453
T,3,0.0
U,1,0.0
U,2,0.0
U,3,0.0
U,4,0.0
U,5,0.0
U,6,0.0
U,7,0.0
V,1,2.3287379806394894
V,2,0.11418378202879181
V,3,3.1378646136762853
V,4,2.0835386518261934
V,5,1.6008209851472748
V,6,2.3298914767844106
V,7,5.133089574820265
V,8,7.244333400720183
V,9,0.872349527183975
V,10,0.8171618525669893
V,11,2.309819519381489
V,12,1.272741252740476
V,13,0.8995193048710051
V,14,2.3053709494594683
V,15,1.7820881901973173
V,16,2.2048648313854025
V,17,2.1182728866636538
V,18,0.0
V,19,6.896388769696004
V,20,0.42055391082523186
V,21,0.7570713158436542
V,22,2.800370154615512
V,23,0.0
V,24,0.40268515714254854
V,25,0.3142055477509056
V,26,0.0
V,27,0.0
V,28,0.0
V,29,0.8020835088344765
V,30,2.2350538789135994
V,31,0.7886991499624252
V,32,0.2224566143399829
V,33,0.0
V,34,0.4530318804806506
V,35,0.0
V2,1,2.724014669814172
V2,2,0.09966894836114396
V2,3,2.4655505069057524
V2,4,0.7071267868944422
V2,5,4.160600590791204
V3,1,0.7723267951975896
V3,2,0.12524147897101734
V3,3,0.9584605542816121
