arm,step,rollouts,reasoning_tokens,blocks,loop_tokens_classbased,loop_blocks_classbased,repetitive_tokens,repetitive_blocks,runaway_tokens,runaway_blocks,runaway_blocks_repetitive,rollouts_with_loop_classbased,rollouts_with_repetitive_block,rep_blocks_adv_pos,rep_tokens_adv_pos,rep_advtok_pos,rep_blocks_adv_neg,rep_tokens_adv_neg,rep_advtok_neg,rep_blocks_adv_zero,rep_tokens_adv_zero,rep_pos_selfexited,rep_pos_runaway
G,1,512,5799291,55699,77753,7,77690,5,62328,4,2,6,4,0,0,0,2,62265,-16077,3,15425,0,0
G,2,512,4960900,43693,0,0,0,0,0,0,0,0,0,0,0,0,0,0,0,0,0,0,0
G,3,512,6799714,47394,256019,4,255809,3,233400,3,2,4,3,0,0,0,1,124831,-32231,2,130978,0,0
G,4,512,7347911,49854,170831,8,168848,4,153926,6,2,8,4,0,0,0,3,165106,-246827,1,3742,0,0
G,5,512,8875059,56906,233637,3,233637,3,233637,3,3,3,3,0,0,0,2,161959,-51533,1,71678,0,0
G,6,512,5851408,48105,51656,9,49233,5,2423,4,0,8,5,0,0,0,1,30132,-23768,4,19101,0,0
G,7,512,7169149,43432,882858,11,878168,7,562247,8,4,10,7,0,0,0,5,638136,-369170,2,240032,0,0
G,8,512,9090119,48223,1553638,29,1551053,24,1163824,18,13,22,18,0,0,0,8,290199,-118105,16,1260854,0,0
G,9,512,7195428,45764,218508,8,216129,5,190611,5,2,7,4,0,0,0,1,93230,-63685,4,122899,0,0
G,10,512,6942167,44478,159244,6,157140,3,136695,5,2,6,3,0,0,0,2,134591,-141814,1,22549,0,0
G,11,512,7354069,48535,200757,7,199506,3,187460,6,2,7,3,0,0,0,0,0,0,3,199506,0,0
G,12,512,7262405,44723,382521,8,382151,6,294664,5,3,8,6,1,2459,1188,2,102884,-26983,3,276808,1,0
G,13,512,7459771,53427,296535,9,295699,8,195436,4,3,6,6,0,0,0,5,225775,-148765,3,69924,0,0
G,14,512,6685051,41836,313882,9,311608,6,184349,5,2,6,4,0,0,0,2,182075,-116672,4,129533,0,0
G,15,512,8685000,48397,1124169,20,1122992,18,822462,11,9,17,15,1,5142,1948,12,793247,-316093,5,324603,1,0
G,16,512,8771160,49643,1446542,20,1445547,19,1088525,12,11,17,17,1,15267,7374,3,319700,-447037,15,1110580,0,1
G,17,512,5799441,38418,532234,9,532234,9,318694,3,3,7,7,0,0,0,2,55354,-26736,7,476880,0,0
G,18,512,6895263,42118,375111,6,375040,5,295600,4,3,5,4,0,0,0,4,247361,-165147,1,127679,0,0
G,19,512,9792623,45586,1524712,17,1519314,16,1377026,14,13,15,15,0,0,0,4,347922,-259155,12,1171392,0,0
G,20,512,7117298,44752,630715,13,630715,13,531023,8,8,8,8,1,119510,30857,4,297905,-424749,8,213300,0,1
G,21,512,6708280,43285,720088,8,720088,8,580258,5,5,8,8,3,139830,36104,1,76664,-69281,4,503594,3,0
G,22,512,6571560,37917,940031,13,939943,12,755018,8,7,11,11,0,0,0,1,10934,-4143,11,929009,0,0
G,23,512,6625374,41898,586963,15,586272,14,464845,8,7,12,11,1,4388,2556,5,260871,-90919,8,321013,1,0
G,24,512,7774802,40253,1260852,35,1258457,30,971589,14,9,18,14,0,0,0,9,658352,-358725,21,600105,0,0
G,25,512,6642915,37890,1185514,20,1185514,20,885105,9,9,15,15,0,0,0,0,0,0,20,1185514,0,0
G,26,512,7194604,37824,1041421,15,1041421,15,896184,9,9,14,14,0,0,0,9,596417,-354862,6,445004,0,0
G,27,512,9832571,40602,2184163,34,2182732,32,1674153,22,20,25,24,0,0,0,15,901403,-810010,17,1281329,0,0
G,28,512,7349031,39291,1183870,26,1183870,26,863094,13,13,18,18,0,0,0,5,297617,-212660,21,886253,0,0
G,29,512,7641591,39860,1582188,23,1582188,23,1277826,14,14,16,16,1,96238,24849,9,601060,-365869,13,884890,0,1
G,30,512,10222702,40468,3155197,37,3155142,36,2658945,26,25,32,32,0,0,0,9,611984,-747969,27,2543158,0,0
G,31,512,8535203,40566,2011280,39,2011010,37,1147767,18,16,27,26,2,113986,55055,24,1066792,-845812,11,830232,1,1
G,32,512,7897987,39686,1223811,24,1221214,22,957074,14,12,16,14,0,0,0,2,88836,-22937,20,1132378,0,0
G,33,512,8780641,41721,2196662,42,2195395,40,1528450,18,16,28,27,0,0,0,24,1233294,-610358,16,962101,0,0
G,34,512,8017662,44154,1763220,25,1763080,24,1400878,15,14,20,19,1,50157,80357,9,547912,-606395,14,1165011,1,0
G,35,512,11860961,42262,4968763,69,4968616,68,3516609,35,34,53,53,2,127488,48305,30,2664209,-3236905,36,2176919,0,2
G,36,512,11026811,40790,4107031,60,4105974,58,3404339,39,37,49,48,5,336792,216205,21,1474179,-1154205,32,2295003,2,3
I,1,512,6012009,54416,254191,11,253816,10,89316,3,2,5,4,0,0,0,1,18327,-8852,9,235489,0,0
I,2,512,5207230,43250,106576,7,104937,5,79226,4,2,6,4,1,14934,5658,0,0,0,4,90003,1,0
I,3,512,6819361,47019,60560,4,55330,1,5230,3,0,4,1,0,0,0,0,0,0,1,55330,0,0
I,4,512,7427396,50333,353090,7,352365,5,207555,4,2,7,5,0,0,0,2,98985,-78234,3,253380,0,0
I,5,512,9221828,57590,322436,13,318070,7,250251,9,3,11,5,0,0,0,2,90082,-23259,5,227988,0,0
I,6,512,6106182,46454,373051,7,373017,6,319155,4,3,6,5,0,0,0,6,373017,-348768,0,0,0,0
I,7,512,6951458,43292,594087,10,593391,8,428683,7,5,8,6,0,0,0,6,433970,-231734,2,159421,0,0
I,8,512,10089478,48769,2302667,34,2295008,32,1960700,18,16,23,22,0,0,0,4,31714,-43331,28,2263294,0,0
I,9,512,6695567,46446,90973,5,89273,1,90973,5,1,5,1,0,0,0,0,0,0,1,89273,0,0
I,10,512,6868579,43765,232608,8,221919,4,220810,7,3,8,4,0,0,0,1,11798,-4470,3,210121,0,0
I,11,512,6977943,49400,279842,9,279122,6,102366,4,1,7,4,3,77021,105234,1,5128,-4045,2,196973,3,0
I,12,512,7433308,46147,603567,11,603567,11,412649,5,5,10,10,0,0,0,2,131739,-103916,9,471828,0,0
I,13,512,7219326,55295,273821,7,273456,5,255516,6,4,6,4,0,0,0,3,116950,-30196,2,156506,0,0
I,14,512,6334064,41913,314293,13,312332,8,225180,8,3,11,6,3,139945,81532,4,164237,-238265,1,8150,2,1
I,15,512,7800980,50273,525919,16,524574,13,121391,5,2,12,10,0,0,0,0,0,0,13,524574,0,0
I,16,512,7237875,51404,614432,17,612549,14,377027,9,6,12,9,0,0,0,6,149623,-229993,8,462926,0,0
I,17,512,4666602,37589,202558,6,201619,5,93474,3,2,4,3,0,0,0,2,90176,-43555,3,111443,0,0
I,18,512,6104399,43036,236587,6,236372,4,195881,5,3,6,4,0,0,0,2,154999,-121958,2,81373,0,0
I,19,512,8501885,47986,1326040,33,1323751,28,862473,18,13,23,20,2,21144,40854,4,227116,-132318,22,1075491,2,0
I,20,512,6006175,47523,46743,6,45933,3,810,3,0,6,3,1,10020,3797,0,0,0,2,35913,1,0
I,21,512,5768081,48055,311616,13,311230,11,138746,5,3,9,7,3,119394,94178,6,135049,-145866,2,56787,2,1
I,22,512,5356296,40604,599803,19,591761,15,421046,10,6,15,11,0,0,0,8,348582,-330138,7,243179,0,0
I,23,512,5527982,46873,235467,13,233864,8,175949,8,3,11,6,0,0,0,7,148487,-108436,1,85377,0,0
I,24,512,7000755,44982,946192,19,942205,16,502208,9,6,17,14,0,0,0,9,661169,-352774,7,281036,0,0
I,25,512,5960839,41136,1271985,23,1271138,21,856248,11,9,18,16,0,0,0,0,0,0,21,1271138,0,0
I,26,512,5935998,41961,802697,27,798521,23,669457,12,8,14,10,0,0,0,20,530626,-278942,3,267895,0,0
I,27,512,9259139,52269,1928159,39,1927629,37,1029253,14,12,30,30,3,176957,141545,15,555288,-231186,19,1195384,2,1
I,28,512,6663389,42877,1514231,49,1505021,44,970593,19,14,31,27,1,5546,4375,15,603665,-434634,28,895810,1,0
I,29,512,5728020,43136,928686,32,927891,30,383348,9,7,19,18,1,26882,66213,17,497876,-219056,12,403133,1,0
I,30,512,8982918,44586,3008907,53,3005483,49,2191827,29,25,34,31,0,0,0,13,624922,-472008,36,2380561,0,0
I,31,512,7605475,43511,2529046,59,2523076,52,1541535,25,18,37,33,1,5763,14195,24,1396944,-605038,27,1120369,1,0
I,32,512,8291976,38932,3184095,65,3175642,60,2559915,34,29,46,41,1,9119,8241,21,1621419,-1174348,38,1545104,1,0
I,33,512,6178092,43148,1233027,50,1229348,47,778139,11,8,28,26,5,32873,24568,2,130545,-407824,40,1065930,5,0
I,34,512,5458964,44365,1335646,25,1334273,21,911852,12,8,20,17,1,21446,34359,5,213132,-55031,15,1099695,0,1
I,35,512,8004979,41896,3064753,73,3064753,73,2132390,21,21,43,43,3,42208,36596,33,1527112,-1396478,37,1495433,3,0
I,36,512,7135030,42565,2351007,64,2350036,60,1455768,17,13,36,34,1,41494,42855,22,1435284,-931452,37,873258,1,0
I,37,448,9302172,43344,4288642,117,4286398,112,2327148,32,27,66,62,1,14786,14786,48,1739233,-642393,63,2532379,1,0
J,1,512,6009710,54840,243368,10,241465,8,148206,5,3,7,5,0,0,0,1,40494,-23592,7,200971,0,0
J,2,512,4883609,41732,200659,4,200483,3,175131,3,2,4,3,0,0,0,1,25528,-62878,2,174955,0,0
J,3,512,7286164,47619,554610,11,553501,9,468642,6,4,10,8,0,0,0,2,227436,-188145,7,326065,0,0
J,4,512,7483453,49200,497614,17,492126,11,224107,9,3,15,9,2,7499,4369,7,358030,-489176,2,126597,2,0
J,5,512,8682223,57959,6663,7,0,0,6663,7,0,7,0,0,0,0,0,0,0,0,0,0,0
J,6,512,5915833,48214,96560,8,91772,6,17451,3,1,5,3,2,23807,38141,4,67965,-39596,0,0,2,0
J,7,512,6850990,43178,428898,12,426725,8,277982,7,3,10,6,4,52330,44735,3,262469,-179293,1,111926,3,1
J,8,512,9892503,50158,2030530,31,2015914,28,1490927,18,15,25,22,0,0,0,3,113670,-60014,25,1902244,0,0
J,9,512,7552917,47186,427007,14,421030,8,297405,9,3,11,5,0,0,0,7,414389,-106995,1,6641,0,0
J,10,512,6591160,44738,38256,5,37445,1,811,4,0,5,1,0,0,0,0,0,0,1,37445,0,0
J,11,512,7972685,51706,773201,17,772535,14,571327,11,8,13,10,0,0,0,2,52178,-25202,12,720357,0,0
J,12,512,7206368,47933,8121,3,7757,1,364,2,0,3,1,0,0,0,0,0,0,1,7757,0,0
J,13,512,7526686,58664,191483,5,191482,4,159846,3,2,5,4,0,0,0,1,62944,-56882,3,128538,0,0
J,14,512,6927398,46501,466408,9,456995,5,362449,8,4,8,4,0,0,0,4,345991,-117747,1,111004,0,0
J,15,512,8295452,56979,307709,10,302419,5,300102,9,4,10,5,0,0,0,1,93985,-35611,4,208434,0,0
J,16,512,7749308,58733,375097,10,371089,7,278740,6,3,7,5,0,0,0,2,196789,-202556,5,174300,0,0
J,17,512,5665187,46202,313589,7,312480,6,147060,3,2,5,4,0,0,0,0,0,0,6,312480,0,0
J,18,512,6940638,50704,218481,10,216118,2,218481,10,2,10,2,0,0,0,0,0,0,2,216118,0,0
J,19,512,9437230,55168,1547013,25,1546838,24,1315171,17,16,21,20,1,2426,3315,12,635201,-397648,11,909211,1,0
J,20,512,7074984,54323,294412,10,293367,6,153634,6,2,6,3,0,0,0,0,0,0,6,293367,0,0
J,21,512,6820989,54785,70659,5,68294,3,2365,2,0,4,2,1,6672,4558,2,61622,-98725,0,0,1,0
J,22,512,6656165,48174,390911,8,389172,5,219720,5,2,6,4,0,0,0,1,146736,-100235,4,242436,0,0
J,23,512,6872744,52853,66190,3,65506,1,684,2,0,3,1,0,0,0,1,65506,-51671,0,0,0,0
J,24,512,7245586,51386,27290,6,25553,2,1737,4,0,6,2,1,14141,14141,1,11412,-2947,0,0,1,0
J,25,512,6456955,49009,7855,6,6179,1,1676,5,0,6,1,0,0,0,0,0,0,1,6179,0,0
J,26,512,7234083,50412,88682,6,84337,1,88682,6,1,6,1,0,0,0,0,0,0,1,84337,0,0
J,27,512,9628425,57560,247966,10,238865,2,247966,10,2,10,2,0,0,0,2,238865,-61675,0,0,0,0
J,28,512,6952166,49540,2315,3,0,0,2315,3,0,3,0,0,0,0,0,0,0,0,0,0,0
J,29,512,7003132,51532,4077,4,0,0,4077,4,0,4,0,0,0,0,0,0,0,0,0,0,0
J,30,512,9276705,55718,313349,11,312976,8,113987,5,2,9,6,0,0,0,0,0,0,8,312976,0,0
J,31,512,8602826,51587,31232,6,30021,1,31232,6,1,6,1,0,0,0,1,30021,-7751,0,0,0,0
J,32,512,8614780,47792,474789,16,470818,10,334733,11,5,13,7,0,0,0,0,0,0,10,470818,0,0
J,33,512,8667274,50664,8236,6,0,0,8236,6,0,6,0,0,0,0,0,0,0,0,0,0,0
J,34,512,7376615,51013,5785,4,0,0,5785,4,0,4,0,0,0,0,0,0,0,0,0,0,0
J,35,512,8198975,48886,44329,9,41504,3,2825,6,0,7,1,0,0,0,3,41504,-80194,0,0,0,0
J,36,512,8686223,46533,7356,6,0,0,7356,6,0,6,0,0,0,0,0,0,0,0,0,0,0
J,37,512,10351935,53815,24551,14,15852,3,8699,11,0,12,1,0,0,0,3,15852,-4093,0,0,0,0
J,38,512,9363914,42753,96183,18,55582,3,75882,16,1,18,3,0,0,0,0,0,0,3,55582,0,0
J,39,512,8544406,45997,22884,11,0,0,22884,11,0,11,0,0,0,0,0,0,0,0,0,0,0
J,40,512,8774439,44507,8093,10,0,0,8093,10,0,10,0,0,0,0,0,0,0,0,0,0,0
J,41,512,8430887,44584,88797,11,84298,4,20062,8,1,8,1,0,0,0,0,0,0,4,84298,0,0
J,42,512,8156001,37853,1642,4,0,0,1642,4,0,4,0,0,0,0,0,0,0,0,0,0,0
J,43,512,11078291,47026,2612,11,0,0,2612,11,0,11,0,0,0,0,0,0,0,0,0,0,0
J,44,512,8820805,43672,5824,6,0,0,5824,6,0,6,0,0,0,0,0,0,0,0,0,0,0
J,45,512,11704838,46721,57464,20,6540,1,50924,19,0,20,1,0,0,0,1,6540,-2478,0,0,0,0
J,46,512,8544449,40507,5756,8,0,0,5756,8,0,8,0,0,0,0,0,0,0,0,0,0,0
J,47,512,12059301,39493,107630,25,80632,1,107630,25,1,25,1,0,0,0,0,0,0,1,80632,0,0
J,48,512,11182448,39205,3032,7,0,0,3032,7,0,7,0,0,0,0,0,0,0,0,0,0,0
J,49,512,9141436,39648,39611,12,31801,3,7810,9,0,10,2,0,0,0,1,6708,-12961,2,25093,0,0
J,50,512,12185898,45718,151460,20,127185,3,55302,18,1,19,2,0,0,0,2,121942,-58898,1,5243,0,0
A,1,512,6449588,55335,470281,11,470281,11,356739,6,6,10,10,0,0,0,1,86766,-32876,10,383515,0,0
A,2,512,4968317,41585,259820,4,259820,4,176685,3,3,3,3,0,0,0,1,133574,-258092,3,126246,0,0
A,3,512,6854412,47372,0,0,0,0,0,0,0,0,0,0,0,0,0,0,0,0,0,0,0
A,4,512,6971868,49163,100860,7,94488,2,85120,6,1,6,1,0,0,0,2,94488,-182570,0,0,0,0
A,5,512,8707282,56441,152074,12,141786,4,94177,9,1,9,2,0,0,0,1,83889,-31786,3,57897,0,0
A,6,512,5681072,46955,2656,4,0,0,2656,4,0,4,0,0,0,0,0,0,0,0,0,0,0
A,7,512,7262408,45467,369176,8,366495,6,233817,5,3,7,5,0,0,0,5,358266,-232211,1,8229,0,0
A,8,512,9054166,48746,1278927,31,1278055,27,902604,13,9,20,17,0,0,0,1,35704,-17245,26,1242351,0,0
A,9,512,6862889,45408,0,0,0,0,0,0,0,0,0,0,0,0,0,0,0,0,0,0,0
A,10,512,6935022,43325,231963,8,230505,5,64025,4,1,7,4,0,0,0,2,69974,-23562,3,160531,0,0
A,11,512,7791855,48449,531572,8,528651,7,455120,5,4,8,7,0,0,0,1,8132,-11111,6,520519,0,0
A,12,512,7580513,46151,164751,7,164458,6,63890,2,1,7,6,0,0,0,3,18414,-6166,3,146044,0,0
A,13,512,7596550,55580,176207,4,172386,2,176207,4,2,4,2,0,0,0,1,122346,-71279,1,50040,0,0
A,14,512,6715062,42353,123679,5,123141,2,95100,4,1,5,2,0,0,0,1,94562,-35830,1,28579,0,0
A,15,512,8614109,51288,372738,13,372342,12,309200,4,3,5,4,0,0,0,1,116406,-44106,11,255936,0,0
A,16,512,8032827,51197,228521,4,228472,3,157538,3,2,4,3,0,0,0,1,119305,-163006,2,109167,0,0
A,17,512,5965450,41782,110686,2,110686,2,77858,1,1,1,1,0,0,0,0,0,0,2,110686,0,0
A,18,512,7113448,44944,97532,9,92838,2,80414,8,1,9,2,0,0,0,2,92838,-94012,0,0,0,0
A,19,512,9615951,46017,604205,12,604205,12,348788,4,4,9,9,0,0,0,4,121590,-104785,8,482615,0,0
A,20,512,7211068,45220,0,0,0,0,0,0,0,0,0,0,0,0,0,0,0,0,0,0,0
A,21,512,7072218,47481,276,1,0,0,276,1,0,1,0,0,0,0,0,0,0,0,0,0,0
A,22,512,6699463,39598,12,1,0,0,12,1,0,1,0,0,0,0,0,0,0,0,0,0,0
A,23,512,7538688,44147,3614,1,3614,1,0,0,0,1,1,0,0,0,0,0,0,1,3614,0,0
A,24,512,8748969,40010,0,0,0,0,0,0,0,0,0,0,0,0,0,0,0,0,0,0,0
A,25,512,7355576,38903,122670,1,122670,1,122670,1,1,1,1,0,0,0,0,0,0,1,122670,0,0
A,26,512,8321522,39531,91,1,0,0,91,1,0,1,0,0,0,0,0,0,0,0,0,0,0
A,27,512,11188940,43505,18623,2,18623,2,0,0,0,2,2,0,0,0,0,0,0,2,18623,0,0
A,28,512,8705028,39375,13488,3,13152,2,336,1,0,2,1,0,0,0,0,0,0,2,13152,0,0
A,29,512,8441032,38986,13042,1,13042,1,0,0,0,1,1,0,0,0,1,13042,-8909,0,0,0,0
A,30,512,10176982,39696,76948,2,76731,1,76948,2,1,2,1,0,0,0,0,0,0,1,76731,0,0
A,31,512,10006196,38069,85541,1,85541,1,85541,1,1,1,1,0,0,0,1,85541,-49836,0,0,0,0
A,32,512,10262311,37871,91354,3,88534,1,2820,2,0,3,1,0,0,0,1,88534,-33546,0,0,0,0
A,33,512,10533133,39089,1170,1,0,0,1170,1,0,1,0,0,0,0,0,0,0,0,0,0,0
A,34,512,9748697,39065,38089,3,37730,2,359,1,0,3,2,0,0,0,0,0,0,2,37730,0,0
A,35,512,10603327,38954,18695,2,18542,1,153,1,0,2,1,0,0,0,0,0,0,1,18542,0,0
A,36,512,9704333,36901,150599,1,150599,1,150599,1,1,1,1,0,0,0,1,150599,-38885,0,0,0,0
A,37,512,12185705,41478,118219,11,115430,8,6818,4,1,6,3,0,0,0,8,115430,-29804,0,0,0,0
A,38,512,10065886,34570,17817,1,17817,1,0,0,0,1,1,0,0,0,0,0,0,1,17817,0,0
A,39,512,10544515,36256,55928,11,54188,6,7151,6,1,7,2,1,2761,2178,0,0,0,5,51427,0,1
A,40,512,10798694,36920,470789,4,470789,4,470789,4,4,4,4,0,0,0,0,0,0,4,470789,0,0
A,41,512,9998694,36116,5783,1,5783,1,0,0,0,1,1,0,0,0,1,5783,-3950,0,0,0,0
A,42,512,8961712,33952,11171,1,11171,1,0,0,0,1,1,0,0,0,0,0,0,1,11171,0,0
A,43,512,11255152,39975,3252,3,0,0,3252,3,0,3,0,0,0,0,0,0,0,0,0,0,0
A,44,128,1138963,6190,0,0,0,0,0,0,0,0,0,0,0,0,0,0,0,0,0,0,0
K,1,512,6209265,54446,68911,2,68911,2,59162,1,1,2,2,0,0,0,1,59162,-15276,1,9749,0,0
K,2,512,5218339,42061,399915,13,398766,12,304718,5,4,5,4,1,82733,39960,10,176389,-145047,1,139644,0,1
K,3,512,6808977,48707,202850,3,202662,2,202850,3,2,3,2,0,0,0,1,115977,-29945,1,86685,0,0
K,4,512,6875876,49677,264822,8,264396,5,247184,7,4,8,5,0,0,0,1,47313,-91418,4,217083,0,0
K,5,512,9334717,58524,623296,16,622521,12,368441,10,6,14,10,0,0,0,5,196287,-91592,7,426234,0,0
K,6,512,6025385,47483,425938,9,313415,5,415994,7,3,9,5,0,0,0,5,313415,-111540,0,0,0,0
K,7,512,7260347,45722,594112,7,593724,5,594112,7,5,7,5,0,0,0,3,352074,-133401,2,241650,0,0
K,8,512,9291279,47494,1673378,29,1668617,21,1307036,19,11,25,18,0,0,0,4,322983,-108031,17,1345634,0,0
K,9,512,7308631,46297,456938,7,456824,6,207077,3,2,5,4,0,0,0,4,192253,-83352,2,264571,0,0
K,10,512,6889174,44113,90421,2,90421,2,0,0,0,2,2,0,0,0,1,40410,-15311,1,50011,0,0
K,11,512,8137923,50216,687594,11,685673,9,680171,9,7,11,9,0,0,0,3,364623,-138156,6,321050,0,0
K,12,512,7737071,46104,536584,12,532125,8,491159,9,5,11,7,0,0,0,1,108673,-28059,7,423452,0,0
K,13,512,8094346,56444,70244,3,70244,3,68925,2,2,3,3,0,0,0,2,68925,-17796,1,1319,0,0
K,14,512,7098971,44259,289497,6,289192,5,276729,5,4,6,5,0,0,0,4,183192,-74901,1,106000,0,0
K,15,512,8657697,50295,389442,7,389442,7,305520,4,4,7,7,1,42602,38499,2,191397,-92445,4,155443,0,1
K,16,512,8795113,54773,304478,7,303400,5,230125,5,3,5,3,0,0,0,1,88521,-120946,4,214879,0,0
K,17,512,5893952,41491,215230,6,215009,5,181358,3,2,5,4,0,0,0,0,0,0,5,215009,0,0
K,18,512,7353682,45901,6430,3,0,0,6430,3,0,3,0,0,0,0,0,0,0,0,0,0,0
K,19,512,10283144,48928,1041822,16,1038159,11,875080,13,8,16,11,0,0,0,0,0,0,11,1038159,0,0
K,20,512,7271665,48528,19076,3,18693,1,383,2,0,3,1,0,0,0,0,0,0,1,18693,0,0
K,21,512,7635953,49411,71939,1,71939,1,71939,1,1,1,1,0,0,0,1,71939,-65011,0,0,0,0
K,22,512,6948952,41444,2154,2,0,0,2154,2,0,2,0,0,0,0,0,0,0,0,0,0,0
K,23,512,7747236,46475,160833,4,160598,3,159807,3,2,3,2,0,0,0,3,160598,-158620,0,0,0,0
K,24,512,8307924,45533,958,3,0,0,958,3,0,3,0,0,0,0,0,0,0,0,0,0,0
K,25,512,7497479,43114,82685,1,82685,1,82685,1,1,1,1,0,0,0,0,0,0,1,82685,0,0
K,26,512,7771363,43365,51773,5,45435,1,51773,5,1,5,1,0,0,0,0,0,0,1,45435,0,0
K,27,512,10706932,49483,0,0,0,0,0,0,0,0,0,0,0,0,0,0,0,0,0,0,0
K,28,512,8721596,45735,167137,6,166685,3,167137,6,3,6,3,0,0,0,2,120986,-143151,1,45699,0,0
M,1,512,6309514,54613,271506,8,270665,6,241731,5,3,7,5,0,0,0,2,98913,-39485,4,171752,0,0
M,2,512,4902501,42232,89831,6,89762,4,51904,3,1,5,3,0,0,0,3,37927,-31671,1,51835,0,0
M,3,512,6747226,46859,357198,4,357198,4,222922,2,2,4,4,1,129730,33496,0,0,0,3,227468,1,0
M,4,512,7314567,50814,311609,11,308370,7,112076,6,2,9,5,0,0,0,6,253989,-268172,1,54381,0,0
M,5,512,8942732,57127,249763,8,243090,3,249763,8,3,8,3,0,0,0,2,138939,-35874,1,104151,0,0
M,6,512,6006987,49203,241232,7,240380,3,203926,6,2,7,3,0,0,0,3,240380,-225903,0,0,0,0
M,7,512,7137905,43451,822647,17,814409,14,624249,9,6,10,8,0,0,0,5,359264,-165750,9,455145,0,0
M,8,512,9233446,48860,1590588,29,1589951,26,868553,13,10,23,20,0,0,0,5,332518,-341376,21,1257433,0,0
M,9,512,7169092,46442,372599,6,372302,4,344369,5,3,5,3,0,0,0,0,0,0,4,372302,0,0
M,10,512,7007534,44989,253224,8,250681,4,228801,7,3,8,4,0,0,0,0,0,0,4,250681,0,0
M,11,512,7583986,51016,215982,13,212683,10,57416,4,1,8,5,0,0,0,2,64372,-28786,8,148311,0,0
M,12,512,7311381,47123,298746,7,295985,4,92858,4,1,7,4,0,0,0,0,0,0,4,295985,0,0
M,13,512,7765931,55995,453063,10,452886,8,344052,7,5,8,6,0,0,0,1,42975,-11096,7,409911,0,0
M,14,512,6657631,46504,108975,3,108863,1,108975,3,1,3,1,0,0,0,1,108863,-63424,0,0,0,0
M,15,512,8340816,54884,212979,10,206749,6,155419,6,2,8,4,0,0,0,4,200135,-51675,2,6614,0,0
M,16,512,8267203,55796,494489,10,493712,9,423337,6,5,9,8,1,32016,43743,2,67777,-17500,6,393919,1,0
M,17,512,6254580,46710,370527,6,370527,6,269163,3,3,5,5,0,0,0,2,61295,-150976,4,309232,0,0
M,18,512,7248830,49644,31288,7,27348,1,31288,7,1,7,1,0,0,0,0,0,0,1,27348,0,0
M,19,512,9927323,55620,790140,19,778043,12,622743,15,8,16,9,0,0,0,5,199601,-157445,7,578442,0,0
M,20,512,7522337,55586,247344,9,247343,8,92590,2,1,5,4,0,0,0,2,159318,-90303,6,88025,0,0
M,21,512,7126952,57922,109175,7,106217,2,102084,6,1,7,2,0,0,0,1,99126,-25594,1,7091,0,0
M,22,512,7144552,48014,48500,3,46597,1,48500,3,1,3,1,0,0,0,0,0,0,1,46597,0,0
M,23,512,7130244,52579,6571,3,0,0,6571,3,0,3,0,0,0,0,0,0,0,0,0,0,0
M,24,512,8473934,52384,384,1,0,0,384,1,0,1,0,0,0,0,0,0,0,0,0,0,0
M,25,512,6943772,50004,81679,3,81679,3,15716,1,1,3,3,0,0,0,1,15716,-4058,2,65963,0,0
M,26,512,7681963,50463,1502,3,0,0,1502,3,0,3,0,0,0,0,0,0,0,0,0,0,0
N,1,512,6026874,54698,197745,7,196519,5,72169,3,1,4,2,0,0,0,0,0,0,5,196519,0,0
N,2,512,4782027,42526,234,2,0,0,234,2,0,2,0,0,0,0,0,0,0,0,0,0,0
N,3,512,6738209,48563,179335,3,178641,2,167587,2,1,3,2,0,0,0,0,0,0,2,178641,0,0
N,4,512,7295628,49522,448010,7,447722,5,448010,7,5,7,5,0,0,0,3,268366,-366668,2,179356,0,0
N,5,512,8982776,56832,346446,9,346142,6,346446,9,6,9,6,0,0,0,3,133253,-91025,3,212889,0,0
N,6,512,5945426,46480,319066,14,319066,14,291210,4,4,7,7,0,0,0,14,319066,-101327,0,0,0,0
N,7,512,6937975,43358,684665,16,679778,10,251647,9,3,13,8,0,0,0,3,272678,-246419,7,407100,0,0
N,8,512,9351403,48750,1568268,29,1566070,25,958734,13,9,20,16,0,0,0,2,69729,-47632,23,1496341,0,0
N,9,512,7005155,45150,309911,6,303312,3,309911,6,3,6,3,0,0,0,1,117226,-30268,2,186086,0,0
N,10,512,6750042,43274,131694,9,128809,6,2885,3,0,7,4,0,0,0,1,12959,-4910,5,115850,0,0
N,11,512,7338950,48794,510909,5,510909,5,401046,4,4,5,5,0,0,0,0,0,0,5,510909,0,0
N,12,512,6761172,44035,174531,2,174531,2,174531,2,2,2,2,0,0,0,1,83071,-31476,1,91460,0,0
N,13,512,6928313,54081,153850,3,152656,2,153850,3,2,3,2,0,0,0,0,0,0,2,152656,0,0
N,14,512,6172969,42319,228453,7,225186,4,140044,5,2,6,4,0,0,0,2,109399,-52840,2,115787,0,0
N,15,512,7342688,48834,227380,5,225970,4,216821,4,3,5,4,0,0,0,0,0,0,4,225970,0,0
N,16,512,7024937,49305,511710,9,511530,8,316414,5,4,8,7,2,69216,17872,1,152716,-88972,5,289598,1,1
N,17,512,4846307,39364,112211,2,112211,2,36432,1,1,1,1,0,0,0,0,0,0,2,112211,0,0
N,18,512,6269565,43868,4181,1,0,0,4181,1,0,1,0,0,0,0,0,0,0,0,0,0,0
N,19,512,8008817,46048,726436,8,726436,8,598699,6,6,7,7,1,47325,17931,0,0,0,7,679111,1,0
N,20,512,5978902,46420,111050,4,108997,2,95491,3,1,4,2,0,0,0,1,93438,-127664,1,15559,0,0
N,21,512,5738602,46331,131053,1,131053,1,131053,1,1,1,1,0,0,0,0,0,0,1,131053,0,0
N,22,512,5947221,40708,253091,4,250408,3,232334,3,2,3,2,0,0,0,1,155257,-122467,2,95151,0,0
N,23,512,5791865,43399,0,0,0,0,0,0,0,0,0,0,0,0,0,0,0,0,0,0,0
N,24,512,6559005,42378,0,0,0,0,0,0,0,0,0,0,0,0,0,0,0,0,0,0,0
N,25,512,5451108,40759,0,0,0,0,0,0,0,0,0,0,0,0,0,0,0,0,0,0,0
N,26,512,6034853,41412,0,0,0,0,0,0,0,0,0,0,0,0,0,0,0,0,0,0,0
S,1,512,5974180,54892,181244,6,181111,5,139575,3,2,5,4,0,0,0,0,0,0,5,181111,0,0
S,2,512,5090243,43180,62502,3,62268,1,234,2,0,3,1,1,62268,42535,0,0,0,0,0,0,1
S,3,512,6941423,48612,55615,5,55545,4,37160,2,1,3,2,3,18455,16678,0,0,0,1,37090,2,1
S,4,512,7253299,50152,257467,18,255538,8,224231,15,5,18,8,0,0,0,3,131961,-134200,5,123577,0,0
S,5,512,9155401,57254,528223,15,515866,11,381294,9,5,13,9,0,0,0,2,94779,-44930,9,421087,0,0
S,6,512,6048828,48062,199779,11,198709,6,180563,8,3,9,4,0,0,0,5,115270,-54919,1,83439,0,0
S,7,512,6814478,44419,396088,11,396061,10,183972,4,3,8,7,0,0,0,4,138806,-94818,6,257255,0,0
S,8,512,9042981,49874,1315516,21,1309978,15,1061928,18,12,20,14,0,0,0,1,47109,-64365,14,1262869,0,0
S,9,512,6898216,44883,148159,4,144545,2,143092,3,1,4,2,0,0,0,1,139478,-81260,1,5067,0,0
S,10,512,6671673,43930,81787,5,71871,2,9916,3,0,5,2,0,0,0,0,0,0,2,71871,0,0
S,11,512,7950686,48638,536536,6,536536,6,486306,5,5,6,6,0,0,0,1,50230,-12969,5,486306,0,0
S,12,512,7402225,46529,270087,8,269400,5,246918,6,3,8,5,0,0,0,2,71332,-129166,3,198068,0,0
T,1,512,5946628,54343,29162,2,28957,1,29162,2,1,2,1,0,0,0,0,0,0,1,28957,0,0
T,2,512,4864663,41454,10651,1,10651,1,0,0,0,1,1,0,0,0,0,0,0,1,10651,0,0
T,3,128,742382,6282,0,0,0,0,0,0,0,0,0,0,0,0,0,0,0,0,0,0,0
U,1,512,21163,512,0,0,0,0,0,0,0,0,0,0,0,0,0,0,0,0,0,0,0
U,2,512,23712,512,0,0,0,0,0,0,0,0,0,0,0,0,0,0,0,0,0,0,0
U,3,512,30435,512,0,0,0,0,0,0,0,0,0,0,0,0,0,0,0,0,0,0,0
U,4,512,32305,512,0,0,0,0,0,0,0,0,0,0,0,0,0,0,0,0,0,0,0
U,5,512,26374,512,0,0,0,0,0,0,0,0,0,0,0,0,0,0,0,0,0,0,0
U,6,512,23999,512,0,0,0,0,0,0,0,0,0,0,0,0,0,0,0,0,0,0,0
U,7,384,19172,384,0,0,0,0,0,0,0,0,0,0,0,0,0,0,0,0,0,0,0
V,1,512,6073955,53451,312637,6,310657,4,302955,5,3,6,4,0,0,0,0,0,0,4,310657,0,0
V,2,512,4875350,41926,12382,4,12084,3,298,1,0,3,2,0,0,0,1,4615,-3153,2,7469,0,0
V,3,512,7351344,47980,442958,8,442415,6,410812,7,5,8,6,0,0,0,1,85865,-67730,5,356550,0,0
V,4,512,7202914,48927,298942,7,296190,4,270695,6,3,6,3,0,0,0,0,0,0,4,296190,0,0
V,5,512,8691115,56625,275764,6,275198,4,271342,5,3,6,4,0,0,0,2,181460,-46853,2,93738,0,0
V,6,512,5916817,47526,304824,15,302542,9,225451,9,3,13,7,3,79883,106605,6,222659,-266976,0,0,2,1
V,7,512,7266302,43313,681143,8,678211,7,596899,6,5,8,7,0,0,0,6,628229,-483429,1,49982,0,0
V,8,512,9357587,49509,1268422,27,1261018,21,939226,18,12,23,17,0,0,0,1,9949,-2569,20,1251069,0,0
V,9,512,6777506,46574,114882,5,112873,3,97573,4,2,4,2,0,0,0,0,0,0,3,112873,0,0
V,10,512,6889819,43074,104558,5,104558,5,28127,1,1,3,3,0,0,0,3,67997,-17557,2,36561,0,0
V,11,512,7232797,49161,317599,6,316039,5,258100,4,3,6,5,0,0,0,1,10233,-5962,4,305806,0,0
V,12,512,6602372,44785,164619,6,163210,2,94714,5,1,6,2,0,0,0,0,0,0,2,163210,0,0
V,13,512,6910410,54736,127751,2,127751,2,107608,1,1,2,2,0,0,0,0,0,0,2,127751,0,0
V,14,512,6142915,43238,274994,8,272472,4,235434,7,3,7,3,0,0,0,4,272472,-98431,0,0,0,0
V,15,512,7242963,51064,250660,8,249259,7,159476,5,4,6,5,0,0,0,5,122093,-31524,2,127166,0,0
V,16,512,6871749,52046,311390,7,309707,5,273703,5,3,7,5,0,0,0,1,82239,-158902,4,227468,0,0
V,17,512,4887721,41725,223776,4,223776,4,198165,2,2,4,4,0,0,0,1,5383,-3136,3,218393,0,0
V,18,512,5411199,46394,1515,3,0,0,1515,3,0,3,0,0,0,0,0,0,0,0,0,0,0
V,19,512,7758536,51226,1004134,16,1002569,13,967842,13,10,15,12,1,7077,7077,2,221015,-121859,10,774477,1,0
V,20,512,5142515,50430,50987,2,50935,1,50987,2,1,2,1,0,0,0,0,0,0,1,50935,0,0
V,21,512,5273594,51409,93396,4,93289,3,33292,2,1,3,2,0,0,0,0,0,0,3,93289,0,0
V,22,512,5000853,44239,314956,8,312996,6,275379,6,4,7,5,0,0,0,1,112662,-133302,5,200334,0,0
V,23,512,4941694,47948,4,1,0,0,4,1,0,1,0,0,0,0,0,0,0,0,0,0,0
V,24,512,5637440,46715,49119,4,48278,2,40010,3,1,4,2,0,0,0,1,9109,-4400,1,39169,0,0
V,25,512,4699660,45099,33502,2,33502,2,0,0,0,2,2,0,0,0,0,0,0,2,33502,0,0
V,26,512,4878211,46295,278,3,0,0,278,3,0,3,0,0,0,0,0,0,0,0,0,0,0
V,27,512,6692001,55390,1546,3,0,0,1546,3,0,3,0,0,0,0,0,0,0,0,0,0,0
V,28,512,5268663,47445,0,0,0,0,0,0,0,0,0,0,0,0,0,0,0,0,0,0,0
V,29,512,5054207,49874,91987,2,91881,1,91987,2,1,2,1,0,0,0,0,0,0,1,91881,0,0
V,30,512,6489011,49220,286038,6,285923,4,129154,3,1,6,4,0,0,0,1,57859,-142513,3,228064,0,0
V,31,512,5803452,48246,99756,2,99535,1,99756,2,1,2,1,0,0,0,1,99535,-25700,0,0,0,0
V,32,512,5407301,45791,26215,3,25874,2,341,1,0,2,1,0,0,0,2,25874,-12497,0,0,0,0
V,33,512,5420250,47167,251,1,0,0,251,1,0,1,0,0,0,0,0,0,0,0,0,0,0
V,34,512,5140467,49784,52179,3,51860,1,319,2,0,3,1,0,0,0,1,51860,-127736,0,0,0,0
V,35,512,5888304,49304,0,0,0,0,0,0,0,0,0,0,0,0,0,0,0,0,0,0,0
V2,1,512,6382578,56086,376040,10,375410,8,115675,3,1,9,7,0,0,0,3,223514,-57711,5,151896,0,0
V2,2,512,4702271,41723,10236,1,10236,1,0,0,0,1,1,0,0,0,0,0,0,1,10236,0,0
V2,3,512,7261668,47873,347008,5,346805,4,280644,4,3,5,4,0,0,0,0,0,0,4,346805,0,0
V2,4,512,6948339,50653,102022,3,101422,1,600,2,0,3,1,0,0,0,1,101422,-249813,0,0,0,0
V2,5,128,1283081,7863,103425,1,103425,1,103425,1,1,1,1,0,0,0,0,0,0,1,103425,0,0
V3,1,512,5882253,53931,103650,4,101510,1,103650,4,1,4,1,0,0,0,0,0,0,1,101510,0,0
V3,2,512,4987409,43556,14190,3,13534,1,14190,3,1,3,1,0,0,0,0,0,0,1,13534,0,0
V3,3,400,6889109,40836,169855,12,165063,7,117839,7,2,7,2,0,0,0,0,0,0,7,165063,0,0
P4,1,512,5918237,52991,147041,6,144917,4,66173,3,1,6,4,0,0,0,1,64049,-16537,3,80868,0,0
P4,2,512,5098293,42574,206964,7,206563,5,202637,6,4,7,5,0,0,0,0,0,0,5,206563,0,0
P4,3,512,6775399,47674,204115,6,203647,3,162102,5,2,5,2,0,0,0,0,0,0,3,203647,0,0
P4,4,512,7385722,49350,573985,13,573451,11,399036,8,6,8,6,0,0,0,8,434630,-320593,3,138821,0,0
P4,5,512,8585523,56322,177234,11,161603,3,152790,10,2,11,3,0,0,0,0,0,0,3,161603,0,0
P4,6,512,5977326,46667,390110,7,389940,6,348346,5,4,7,6,0,0,0,6,389940,-326022,0,0,0,0
P4,7,512,7054284,43423,462669,8,462047,6,327989,5,3,8,6,0,0,0,3,304518,-319598,3,157529,0,0
P4,8,512,9256017,48561,1617061,18,1615864,17,1217021,12,11,15,14,0,0,0,2,146818,-85536,15,1469046,0,0
P4,9,512,7219857,47104,197453,5,194814,3,197453,5,3,5,3,0,0,0,0,0,0,3,194814,0,0
P4,10,512,6927416,43390,62421,4,61139,1,62421,4,1,4,1,0,0,0,0,0,0,1,61139,0,0
P4,11,512,7605460,49642,138643,7,133743,3,125634,5,1,7,3,0,0,0,1,7756,-6118,2,125987,0,0
P4,12,512,7719135,45385,157635,4,156783,2,157635,4,2,4,2,0,0,0,1,94373,-35758,1,62410,0,0
P4,13,512,7486204,54510,19,2,0,0,19,2,0,2,0,0,0,0,0,0,0,0,0,0,0
P4,14,512,6978367,42374,219544,4,214474,3,113305,2,1,3,3,0,0,0,2,110311,-70562,1,104163,0,0
P4,15,512,8435735,49633,140877,3,140528,2,140877,3,2,3,2,0,0,0,0,0,0,2,140528,0,0
P4,16,512,7858093,48008,0,0,0,0,0,0,0,0,0,0,0,0,0,0,0,0,0,0,0
P4,17,512,5711693,41085,177,1,0,0,177,1,0,1,0,0,0,0,0,0,0,0,0,0,0
P4,18,512,7175391,42978,3866,4,0,0,3866,4,0,4,0,0,0,0,0,0,0,0,0,0,0
P4,19,512,9076435,46230,162763,3,161320,2,104776,2,1,3,2,0,0,0,0,0,0,2,161320,0,0
P4,20,512,7318805,44305,0,0,0,0,0,0,0,0,0,0,0,0,0,0,0,0,0,0,0
P4,21,512,7555716,47760,39,1,0,0,39,1,0,1,0,0,0,0,0,0,0,0,0,0,0
P4,22,512,6735277,38642,2914,1,0,0,2914,1,0,1,0,0,0,0,0,0,0,0,0,0,0
P4,23,512,7295009,43398,0,0,0,0,0,0,0,0,0,0,0,0,0,0,0,0,0,0,0
P4,24,512,8232694,42496,75221,6,75221,6,0,0,0,3,3,0,0,0,1,8026,-3877,5,67195,0,0
P4,25,512,6669651,38696,0,0,0,0,0,0,0,0,0,0,0,0,0,0,0,0,0,0,0
P4,26,512,7804550,39784,644,2,0,0,644,2,0,2,0,0,0,0,0,0,0,0,0,0,0
P4,27,512,10323670,42889,2215,1,0,0,2215,1,0,1,0,0,0,0,0,0,0,0,0,0,0
P4,28,512,8112093,38206,72,1,0,0,72,1,0,1,0,0,0,0,0,0,0,0,0,0,0
P4,29,512,8105376,39393,868,1,0,0,868,1,0,1,0,0,0,0,0,0,0,0,0,0,0
P4,30,512,9812384,40698,659,1,0,0,659,1,0,1,0,0,0,0,0,0,0,0,0,0,0
P4,31,512,9068678,38010,4385,2,4252,1,133,1,0,2,1,1,4252,1098,0,0,0,0,0,1,0
P4,32,512,8904433,36111,0,0,0,0,0,0,0,0,0,0,0,0,0,0,0,0,0,0,0
P4,33,512,9533488,37035,0,0,0,0,0,0,0,0,0,0,0,0,0,0,0,0,0,0,0
P4,34,512,9426246,38842,0,0,0,0,0,0,0,0,0,0,0,0,0,0,0,0,0,0,0
P4,35,512,10835341,38124,0,0,0,0,0,0,0,0,0,0,0,0,0,0,0,0,0,0,0
P4,36,512,11289488,34434,0,0,0,0,0,0,0,0,0,0,0,0,0,0,0,0,0,0,0
P4,37,512,13408527,40706,66486,9,57381,5,9105,4,0,7,3,0,0,0,4,52829,-13640,1,4552,0,0
P4,38,512,11252460,32232,0,0,0,0,0,0,0,0,0,0,0,0,0,0,0,0,0,0,0
P4,39,512,12471177,34537,8937,7,5229,2,3708,5,0,7,2,1,3420,6608,0,0,0,1,1809,1,0
P4,40,512,12283696,32843,2441,1,2441,1,0,0,0,1,1,0,0,0,1,2441,-8824,0,0,0,0
P4,41,512,12471395,33382,0,0,0,0,0,0,0,0,0,0,0,0,0,0,0,0,0,0,0
P4,42,512,10997440,30867,14432,5,14319,4,113,1,0,2,1,0,0,0,4,14319,-51760,0,0,0,0
P4,43,512,14560225,33283,312,1,0,0,312,1,0,1,0,0,0,0,0,0,0,0,0,0,0
P4,44,512,13230737,34327,36119,2,36119,2,0,0,0,1,1,0,0,0,2,36119,-42736,0,0,0,0
P4,45,512,15772286,33369,3071,3,0,0,3071,3,0,3,0,0,0,0,0,0,0,0,0,0,0
P4,46,512,11865450,30964,7548,1,7548,1,0,0,0,1,1,0,0,0,1,7548,-5156,0,0,0,0
P4,47,512,15717662,30064,14769,5,8871,1,5898,4,0,5,1,0,0,0,0,0,0,1,8871,0,0
P4,48,512,14212289,30684,79099,6,64487,2,14612,4,0,5,2,0,0,0,1,18669,-4820,1,45818,0,0
P4,49,512,12857016,30942,556,1,0,0,556,1,0,1,0,0,0,0,0,0,0,0,0,0,0
P4,50,512,15648922,33451,0,0,0,0,0,0,0,0,0,0,0,0,0,0,0,0,0,0,0
P4,51,512,18424769,32088,850,3,0,0,850,3,0,3,0,0,0,0,0,0,0,0,0,0,0
P4,52,512,17484371,32329,3532,2,0,0,3532,2,0,2,0,0,0,0,0,0,0,0,0,0,0
P4,53,512,15342911,31988,342,1,0,0,342,1,0,1,0,0,0,0,0,0,0,0,0,0,0
P4,54,512,14326103,31186,1648,3,0,0,1648,3,0,3,0,0,0,0,0,0,0,0,0,0,0
P4,55,512,18297721,31491,29007,5,3423,1,25584,4,0,5,1,0,0,0,1,3423,-2700,0,0,0,0
P4,56,512,17077196,29484,8499,1,0,0,8499,1,0,1,0,0,0,0,0,0,0,0,0,0,0
P4,57,512,17195731,32044,152949,7,146737,5,41520,3,1,6,4,0,0,0,0,0,0,5,146737,0,0
P4,58,512,16323754,31322,20567,4,17393,1,3174,3,0,4,1,0,0,0,0,0,0,1,17393,0,0
P4,59,512,18231165,28338,50881,9,42977,3,7904,6,0,6,1,0,0,0,3,42977,-25038,0,0,0,0
P4,60,512,18257956,31302,171735,11,140609,4,64917,8,1,8,1,0,0,0,0,0,0,4,140609,0,0
P4b,1,512,6312462,54389,295392,9,294094,8,236420,4,3,7,7,0,0,0,6,270494,-69842,2,23600,0,0
P4b,2,512,4964391,42477,150060,2,150060,2,150060,2,2,2,2,0,0,0,1,101764,-105102,1,48296,0,0
P4b,3,512,6766798,46625,202500,6,202500,6,121611,1,1,4,4,0,0,0,2,10332,-2668,4,192168,0,0
P4b,4,512,7005038,49497,300805,9,299679,5,230914,8,4,9,5,0,0,0,5,299679,-218577,0,0,0,0
P4b,5,512,8785133,57099,289811,7,286669,4,185388,5,2,7,4,0,0,0,1,51587,-24917,3,235082,0,0
P4b,6,512,6048083,47229,303641,8,301809,5,297560,7,4,7,4,0,0,0,5,301809,-132608,0,0,0,0
P4b,7,512,7256379,43434,542495,11,539988,7,488760,8,4,10,6,0,0,0,7,539988,-207056,0,0,0,0
P4b,8,512,8837368,48634,986609,17,984299,14,774643,10,7,12,9,0,0,0,0,0,0,14,984299,0,0
P4b,9,512,6972098,45725,329029,8,328879,7,234561,5,4,6,5,0,0,0,1,81056,-55369,6,247823,0,0
P4b,10,512,6579414,42917,110121,8,109824,5,65696,5,2,6,3,0,0,0,0,0,0,5,109824,0,0
P4b,11,512,7357737,47990,107665,5,107230,3,91181,4,2,4,2,0,0,0,0,0,0,3,107230,0,0
P4b,12,512,7084707,46026,55153,5,54747,3,406,2,0,4,2,0,0,0,0,0,0,3,54747,0,0
P4b,13,512,7317737,54733,112240,4,109974,2,97130,3,1,4,2,0,0,0,0,0,0,2,109974,0,0
P4b,14,512,6257584,44294,8560,3,0,0,8560,3,0,3,0,0,0,0,0,0,0,0,0,0,0
P4b,15,512,8094574,50857,699177,12,699177,12,341506,5,5,10,10,0,0,0,0,0,0,12,699177,0,0
P4b,16,512,7664582,54276,328560,10,325712,6,269238,7,3,10,6,0,0,0,4,283282,-592994,2,42430,0,0
P4b,17,512,5718335,42460,500728,6,499400,5,426677,5,4,6,5,0,0,0,1,124193,-59985,4,375207,0,0
P4b,18,512,7067342,47046,494808,9,492231,8,443936,8,7,9,8,0,0,0,3,200693,-105762,5,291538,0,0
P4b,19,512,9678672,50807,1644911,35,1643755,32,1090000,16,13,23,20,0,0,0,12,791042,-503458,20,852713,0,0
P4b,20,512,7298575,51798,809755,14,809201,12,565177,9,7,12,10,0,0,0,9,548634,-502128,3,260567,0,0
P4b,21,512,7802732,53798,1006584,20,1006269,18,912785,16,14,18,16,1,27514,18795,14,730742,-921301,3,248013,0,1
P4b,22,512,8304790,43477,1762601,28,1762601,28,1188721,13,13,22,22,0,0,0,6,269577,-93913,22,1493024,0,0
Q4,1,512,6740830,54988,683913,21,683438,19,464411,8,6,12,10,0,0,0,1,18170,-14332,18,665268,0,0
Q4,2,512,4911276,42500,178,1,0,0,178,1,0,1,0,0,0,0,0,0,0,0,0,0,0
Q4,3,512,7234053,46793,477100,8,475839,7,271871,4,3,5,5,0,0,0,0,0,0,7,475839,0,0
Q4,4,512,7269637,50872,458342,8,458342,8,379664,5,5,8,8,1,2878,10403,6,370205,-452927,1,85259,1,0
Q4,5,512,8829114,58726,157126,9,155235,4,96425,6,1,9,4,0,0,0,0,0,0,4,155235,0,0
Q4,6,512,5976524,48110,57944,6,57075,3,16035,4,1,4,1,0,0,0,0,0,0,3,57075,0,0
Q4,7,512,7542612,43757,1055246,22,1050740,17,661499,13,8,19,14,1,10779,7363,9,721283,-229748,7,318678,1,0
Q4,8,512,9551827,49285,1702054,32,1698818,26,986462,18,12,22,17,0,0,0,5,247868,-144408,21,1450950,0,0
Q4,9,512,7207816,47498,432699,7,431115,6,404181,5,4,7,6,0,0,0,2,242042,-189555,4,189073,0,0
Q4,10,512,6873312,42815,235306,9,232406,5,142004,6,2,8,5,0,0,0,0,0,0,5,232406,0,0
Q4,11,512,7778352,50484,622190,21,620243,18,396568,7,4,13,10,1,43111,29449,2,95925,-75666,15,481207,1,0
Q4,12,512,7511155,48184,357084,12,356049,11,218407,4,3,8,7,0,0,0,3,124105,-52127,8,231944,0,0
Q4,13,512,7709967,57144,428895,8,428895,8,411068,5,5,8,8,0,0,0,3,156268,-170691,5,272627,0,0
Q4,14,512,7711397,47458,1089447,16,1089082,14,880740,12,10,15,13,0,0,0,7,357921,-693887,7,731161,0,0
Q4,15,512,8620015,54911,544212,12,542016,11,361542,7,6,10,9,0,0,0,0,0,0,11,542016,0,0
Q4,16,512,7590820,56421,359545,7,356269,5,342878,6,4,7,5,0,0,0,4,247304,-226934,1,108965,0,0
Q4,17,512,5948244,48320,510981,9,510981,9,347720,5,5,6,6,0,0,0,3,137926,-114814,6,373055,0,0
Q4,18,512,6591695,52581,77716,11,77037,6,28211,7,2,8,3,1,6065,5481,0,0,0,5,70972,1,0
Q4,19,512,9050077,57570,946509,17,932703,13,604332,10,6,15,11,0,0,0,5,372309,-254324,8,560394,0,0
Q4,20,512,7195676,57083,209278,4,206875,2,98508,3,1,4,2,0,0,0,0,0,0,2,206875,0,0
Q4,21,512,6942371,58584,114549,5,113671,2,89892,4,1,5,2,0,0,0,1,89014,-51860,1,24657,0,0
Q4,22,512,6716458,50103,284441,5,284263,4,85087,2,1,4,3,0,0,0,1,92538,-44696,3,191725,0,0
Q4,23,512,6885902,56132,470,1,0,0,470,1,0,1,0,0,0,0,0,0,0,0,0,0,0
Q4,24,512,7785033,54665,44962,7,42250,4,17121,4,1,6,3,2,19601,7427,2,22649,-5848,0,0,2,0
Q4,25,512,6482192,53399,97018,2,96075,1,97018,2,1,2,1,0,0,0,0,0,0,1,96075,0,0
Q4,26,512,7644985,54439,182480,5,180593,2,140336,4,1,5,2,0,0,0,1,138449,-80660,1,42144,0,0
Q4,27,512,9309399,60033,64143,4,63999,1,64143,4,1,4,1,0,0,0,0,0,0,1,63999,0,0
Q4,28,512,7122955,54671,3499,2,0,0,3499,2,0,2,0,0,0,0,0,0,0,0,0,0,0
Q4,29,512,6710287,57157,0,0,0,0,0,0,0,0,0,0,0,0,0,0,0,0,0,0,0
Q4,30,512,8269576,56721,0,0,0,0,0,0,0,0,0,0,0,0,0,0,0,0,0,0,0
Q4,31,512,7939796,53525,29615,2,29566,1,29615,2,1,2,1,0,0,0,0,0,0,1,29566,0,0
Q4,32,512,7847382,51401,20887,3,12474,1,8413,2,0,3,1,0,0,0,1,12474,-3221,0,0,0,0
Q4,33,512,7596334,49639,1035,2,0,0,1035,2,0,2,0,0,0,0,0,0,0,0,0,0,0
Q4,34,512,7571974,53396,0,0,0,0,0,0,0,0,0,0,0,0,0,0,0,0,0,0,0
Q4,35,512,7892596,51390,0,0,0,0,0,0,0,0,0,0,0,0,0,0,0,0,0,0,0
Q4,36,512,7313299,47250,1576,2,0,0,1576,2,0,2,0,0,0,0,0,0,0,0,0,0,0
Q4,37,512,9654748,57723,11078,6,2675,1,8403,5,0,6,1,0,0,0,1,2675,-691,0,0,0,0
Q4,38,512,7562389,47633,2408,6,0,0,2408,6,0,6,0,0,0,0,0,0,0,0,0,0,0
Q4,39,512,8466365,51046,2725,3,0,0,2725,3,0,3,0,0,0,0,0,0,0,0,0,0,0
Q4,40,512,7698232,49271,272,2,0,0,272,2,0,2,0,0,0,0,0,0,0,0,0,0,0
Q4b,1,512,5957730,54607,91646,4,88992,3,62039,2,1,4,3,0,0,0,3,88992,-49887,0,0,0,0
Q4b,2,512,4929728,42680,65929,2,65929,2,57608,1,1,1,1,0,0,0,2,65929,-45036,0,0,0,0
Q4b,3,512,6804306,48072,124600,3,124600,3,0,0,0,3,3,0,0,0,0,0,0,3,124600,0,0
Q4b,4,512,7323548,51259,366837,10,361983,5,331495,9,4,10,5,0,0,0,1,73109,-180075,4,288874,0,0
Q4b,5,512,8771724,57638,11748,8,6374,2,5374,6,0,8,2,0,0,0,0,0,0,2,6374,0,0
Q4b,6,512,6074745,47632,99523,3,96206,2,73511,2,1,3,2,0,0,0,2,96206,-57374,0,0,0,0
Q4b,7,512,6759737,43014,523229,10,521037,6,474778,8,4,9,5,1,17164,8290,5,503873,-214347,0,0,1,0
Q4b,8,512,9251965,48326,1423986,29,1413508,23,1200830,18,12,22,16,0,0,0,5,134522,-38390,18,1278986,0,0
Q4b,9,512,7081527,46711,219127,5,218558,3,569,2,0,3,2,0,0,0,2,128761,-116361,1,89797,0,0
Q4b,10,512,6774125,44632,183600,5,182033,4,178483,4,3,5,4,0,0,0,2,76089,-60375,2,105944,0,0
Q4b,11,512,8265587,49121,800510,9,800510,9,623373,5,5,9,9,0,0,0,4,409951,-259228,5,390559,0,0
Q4b,12,512,7190310,46174,105738,5,104789,3,78266,3,1,5,3,1,1752,664,0,0,0,2,103037,1,0
Q4b,13,512,7460925,55536,133615,3,133509,2,118261,2,1,3,2,0,0,0,0,0,0,2,133509,0,0
Q4b,14,512,6708582,43307,179761,3,177734,2,179761,3,2,3,2,0,0,0,0,0,0,2,177734,0,0
Q4b,15,512,7883427,51317,113458,5,111031,2,90909,4,1,5,2,0,0,0,1,88482,-22846,1,22549,0,0
Q4b,16,512,7792468,52048,412395,8,407441,6,376930,5,3,7,5,0,0,0,2,129561,-153297,4,277880,0,0
Q4b,17,512,5446591,40975,0,0,0,0,0,0,0,0,0,0,0,0,0,0,0,0,0,0,0
Q4b,18,512,7096349,45152,113489,7,111813,3,48605,5,1,6,2,0,0,0,2,62976,-23862,1,48837,0,0
Q4b,19,512,8662945,48288,12827,4,6536,1,6291,3,0,4,1,1,6536,7733,0,0,0,0,0,1,0
Q4b,20,512,7091034,48136,0,0,0,0,0,0,0,0,0,0,0,0,0,0,0,0,0,0,0
F,11,512,7629156,49053,201679,11,198183,7,74971,5,1,8,5,3,43253,35589,1,6728,-1737,3,148202,3,0
F,12,512,7136212,46444,34440,3,34353,2,15494,2,1,2,1,0,0,0,2,34353,-55037,0,0,0,0
F,13,512,7750845,55147,58313,4,58126,2,50539,3,1,4,2,0,0,0,1,50352,-29335,1,7774,0,0
F,14,512,6741199,43265,50158,3,49951,1,50158,3,1,3,1,0,0,0,1,49951,-12897,0,0,0,0
F,15,512,8539912,51560,35762,2,35284,1,478,1,0,2,1,0,0,0,0,0,0,1,35284,0,0
F,16,512,8673593,52248,594198,9,593935,6,487402,8,5,9,6,0,0,0,2,232255,-315364,4,361680,0,0
F,17,512,5820805,41106,69251,2,69251,2,42034,1,1,1,1,0,0,0,0,0,0,2,69251,0,0
F,18,512,7221990,44703,4241,3,0,0,4241,3,0,3,0,0,0,0,0,0,0,0,0,0,0
F,19,512,9414813,45219,480272,7,479396,5,283833,5,3,7,5,0,0,0,0,0,0,5,479396,0,0
F,20,512,7496934,46626,223287,3,223287,3,217037,2,2,2,2,0,0,0,0,0,0,3,223287,0,0
F,21,512,7442131,48682,86478,2,86478,2,0,0,0,2,2,0,0,0,2,86478,-62211,0,0,0,0
F,22,512,7207072,39800,379464,5,373653,4,239036,3,2,4,4,1,2810,1065,0,0,0,3,370843,1,0
F,23,512,7411416,44067,46722,2,46722,2,0,0,0,1,1,2,46722,36854,0,0,0,0,0,2,0
F,24,512,8108350,41657,10687,1,10687,1,0,0,0,1,1,0,0,0,1,10687,-5162,0,0,0,0
F,25,512,6757569,39997,17085,2,17085,2,0,0,0,2,2,0,0,0,0,0,0,2,17085,0,0
F,26,512,7740780,40280,12651,4,11915,1,736,3,0,4,1,0,0,0,0,0,0,1,11915,0,0
F,27,512,9805115,41938,0,0,0,0,0,0,0,0,0,0,0,0,0,0,0,0,0,0,0
F,28,512,8001265,39193,34275,1,34275,1,34275,1,1,1,1,0,0,0,0,0,0,1,34275,0,0
F,29,512,7541463,39824,0,0,0,0,0,0,0,0,0,0,0,0,0,0,0,0,0,0,0
F,30,512,8585095,39041,3801,1,3801,1,0,0,0,1,1,0,0,0,0,0,0,1,3801,0,0
F,31,512,8097196,37957,0,0,0,0,0,0,0,0,0,0,0,0,0,0,0,0,0,0,0
F,32,512,7854703,36662,0,0,0,0,0,0,0,0,0,0,0,0,0,0,0,0,0,0,0
F,33,512,8571339,36710,290665,13,290665,13,178821,2,2,3,3,0,0,0,10,140420,-140420,3,150245,0,0
F,34,512,8390483,38255,42354,1,42354,1,0,0,0,1,1,0,0,0,0,0,0,1,42354,0,0
F,35,512,8606681,37759,0,0,0,0,0,0,0,0,0,0,0,0,0,0,0,0,0,0,0
L,11,512,8040064,50862,309785,4,309785,4,270244,2,2,4,4,0,0,0,0,0,0,4,309785,0,0
L,12,512,7450713,45927,322788,5,322181,3,259247,4,2,5,3,0,0,0,0,0,0,3,322181,0,0
L,13,512,8320006,54409,245404,10,245404,10,143567,2,2,4,4,0,0,0,9,236380,-125207,1,9024,0,0
L,14,512,7161773,43882,258760,11,257216,7,209418,8,4,8,4,0,0,0,1,92638,-35101,6,164578,0,0
L,15,512,9386290,50713,845158,19,835624,16,376888,8,5,14,12,0,0,0,10,483086,-289819,6,352538,0,0
L,16,512,8537506,53639,537086,9,529411,6,464479,8,5,8,6,0,0,0,3,252648,-391863,3,276763,0,0
L,17,512,5794296,41001,180469,1,180469,1,180469,1,1,1,1,1,180469,123278,0,0,0,0,0,0,1
L,18,512,7356937,45451,116443,9,115630,6,30265,5,2,5,2,3,61341,55434,0,0,0,3,54289,2,1
L,19,512,10149259,49578,1130416,20,1130416,20,850882,12,12,17,17,0,0,0,6,244772,-215143,14,885644,0,0
L,20,512,7440399,49100,71565,3,70942,1,71565,3,1,3,1,0,0,0,0,0,0,1,70942,0,0
L,21,512,7418843,47214,88851,3,88851,3,0,0,0,3,3,1,21705,10484,1,11403,-5508,1,55743,1,0
L,22,512,7964652,41040,1226341,21,1226341,21,968550,13,13,14,14,0,0,0,11,623972,-572658,10,602369,0,0
L,23,512,8220893,46198,834112,19,833431,16,649213,11,8,15,12,0,0,0,5,263558,-234194,11,569873,0,0
L,24,512,8715123,44185,403969,10,403173,7,324843,7,4,10,7,0,0,0,2,175952,-95514,5,227221,0,0
L,25,512,8173161,41159,1343212,23,1328309,21,1243767,16,14,19,17,0,0,0,0,0,0,21,1328309,0,0
L,26,512,8179884,41739,475604,11,475578,10,369549,7,6,7,6,0,0,0,7,317633,-237750,3,157945,0,0
L,27,512,12242159,44755,2630077,42,2617819,36,2272899,30,24,38,34,2,82711,48187,18,1366613,-389186,16,1168495,0,2
L,28,512,9298354,40701,1592433,27,1581917,25,1431756,22,20,24,22,3,112755,116453,6,473618,-612359,16,995544,1,2
L,29,512,8955590,42203,1798771,27,1798771,27,1477289,18,18,22,22,0,0,0,17,1176688,-615514,10,622083,0,0
L,30,512,12950317,41652,3906502,55,3890637,53,3010038,34,32,45,43,0,0,0,12,1031006,-1074117,41,2859631,0,0
L,31,192,1214675,10236,0,0,0,0,0,0,0,0,0,0,0,0,0,0,0,0,0,0,0
B,11,512,8294825,51088,500190,18,499763,15,330879,9,6,9,6,0,0,0,0,0,0,15,499763,0,0
B,12,512,7839338,48512,163784,12,152601,8,11183,4,0,12,8,1,14679,8552,0,0,0,7,137922,1,0
B,13,512,8366607,58205,259618,6,259128,5,230183,3,2,6,5,0,0,0,1,2795,-3819,4,256333,0,0
B,14,512,7601771,45451,633228,10,633049,8,593392,9,7,10,8,0,0,0,6,475400,-509250,2,157649,0,0
B,15,512,9563224,53923,617680,12,614577,9,582358,10,7,12,9,0,0,0,1,62529,-23692,8,552048,0,0
B,16,512,8909706,54949,699947,13,681638,10,667516,10,7,12,9,1,21651,17078,7,499537,-257909,2,160450,1,0
B,17,512,7177139,45848,489518,8,488717,7,340458,5,4,7,7,0,0,0,3,123451,-105620,4,365266,0,0
B,18,512,9015855,47218,278929,16,265073,6,224475,14,4,16,6,0,0,0,0,0,0,6,265073,0,0
B,19,512,12560277,49800,1861672,42,1851563,36,1434278,24,18,33,28,0,0,0,5,223119,-218567,31,1628444,0,0
B,20,512,9398303,51091,332299,8,330652,6,247047,5,3,7,5,0,0,0,3,252983,-153698,3,77669,0,0
B,21,512,9166644,52804,518714,15,509049,12,357188,8,5,12,9,0,0,0,11,456147,-272870,1,52902,0,0
B,22,512,10100836,43331,1408552,31,1392453,28,1034155,14,11,20,18,1,89450,33893,12,895785,-351545,15,407218,1,0
B,23,512,9163674,47930,375637,14,372785,10,76841,5,1,14,10,1,32029,18660,5,209973,-153678,4,130783,1,0
B,24,512,11742830,46283,990617,22,968435,20,510539,9,7,16,15,1,14352,3706,3,130811,-43660,16,823272,1,0
B,25,512,11080856,44026,892593,15,886849,14,397823,5,4,14,13,0,0,0,1,89021,-121629,13,797828,0,0
B,26,512,12463657,43205,1185576,23,1175815,20,1001441,14,11,17,14,2,10088,4873,6,582479,-318472,12,583248,2,0
B,27,512,16018481,47524,1311229,36,1300893,31,820861,17,12,24,21,1,20834,7894,7,283255,-325334,23,996804,1,0
B,28,512,12001403,44440,404221,17,402056,14,210822,8,5,11,9,0,0,0,4,128112,-74638,10,273944,0,0
B,29,256,3579928,18452,254071,3,253850,2,254071,3,2,3,2,0,0,0,2,253850,-280415,0,0,0,0
D,11,512,7613776,51948,273634,8,273020,5,263810,6,3,8,5,0,0,0,1,74801,-67598,4,198219,0,0
D,12,512,7485972,46733,1491,3,0,0,1491,3,0,3,0,0,0,0,0,0,0,0,0,0,0
D,13,512,8187354,55381,136230,7,134529,4,107503,5,2,6,3,0,0,0,2,105802,-40088,2,28727,0,0
D,14,512,7664826,46390,409595,8,408284,4,317308,7,3,8,4,0,0,0,0,0,0,4,408284,0,0
D,15,512,10402429,53372,1275325,20,1267820,18,877958,11,9,16,15,0,0,0,6,407371,-196760,12,860449,0,0
D,16,512,9273788,56225,570484,15,569596,13,389259,6,4,12,10,1,4464,1691,7,357466,-189926,5,207666,1,0
D,17,512,7166504,46408,581414,7,579584,6,507760,5,4,7,6,0,0,0,2,213365,-252453,4,366219,0,0
D,18,512,8358642,50159,252097,13,241266,6,170490,10,3,10,4,0,0,0,6,241266,-119706,0,0,0,0
D,19,512,12789124,54357,1846833,36,1821799,28,1628733,29,21,32,25,1,27468,32500,11,499802,-398273,16,1294529,0,1
D,20,512,9604820,54235,749261,15,749011,13,570051,7,5,14,12,2,17614,20841,4,286763,-97788,7,444634,2,0
D,21,512,10253637,57248,778329,15,778329,15,665058,8,8,14,14,0,0,0,5,104047,-139592,10,674282,0,0
D,22,512,10177828,47996,1834554,32,1825886,28,1367918,21,17,27,25,1,36654,90282,8,897588,-510811,19,891644,1,0
D,23,512,11611504,55228,1720093,39,1720093,39,1419006,20,20,27,27,3,85222,100835,21,847260,-507318,15,787611,2,1
D,24,512,11818671,52274,1167556,28,1163846,21,733689,17,10,20,15,1,101828,368088,10,527354,-229260,10,534664,1,0
D,25,512,12560531,51138,3357091,80,3351713,74,1960684,32,26,48,44,0,0,0,7,354691,-160469,67,2997022,0,0
D,26,512,13030166,52781,2521011,69,2513086,66,1961026,28,25,40,37,9,30463,17748,25,1596748,-842355,32,885875,9,0
D,27,512,22463119,55696,8669866,197,8653015,184,6025764,89,76,127,121,10,619635,491224,62,4023274,-1939192,112,4010106,5,5
D,28,512,16318481,50499,5429084,104,5423568,100,4261635,62,58,78,76,4,143557,151366,37,2332147,-2003250,59,2947864,3,1
D,29,512,16650936,53748,6087612,141,6082609,136,4533639,64,59,92,89,6,387118,320259,60,2510466,-2289699,70,3185025,3,3
D,30,512,19788489,51612,7592834,146,7587396,139,5637310,72,65,99,95,10,383008,496827,40,2911516,-1874622,89,4292872,7,3
