arm,step,mode,rollouts,chunks,reasoning_tokens,repetitive_blocks,repetitive_tokens,gen_tokens,share_all_gen_pct,rollouts_with_repetitive_block
AA,1,live,512,4,5945459,3,173493,13066561,1.328,3
AA,2,live,512,1,5243360,3,174362,10907499,1.599,3
AA,3,live,512,4,6631966,2,139771,13215845,1.058,2
AA,4,live,512,1,7651591,10,430083,15085930,2.851,7
AA,5,live,512,4,8456807,4,204438,16945798,1.206,2
AA,6,live,512,1,5610318,4,14098,12752587,0.111,3
AA,7,live,512,4,6873582,8,481744,12802294,3.763,7
AA,8,replay,512,1,9090119,24,1551053,16858037,9.201,18
AA,9,replay,512,1,7195428,5,216129,13305304,1.624,4
AA,10,replay,512,1,6942167,3,157140,13036563,1.205,3
P,1,replay,512,1,6309514,6,270665,13740007,1.97,5
P,2,replay,512,1,4902501,4,89762,10396272,0.863,3
P,3,replay,512,1,6747226,4,357198,13489033,2.648,4
P,4,replay,512,1,7314567,7,308370,14534867,2.122,5
P,5,replay,512,1,8942732,3,243090,17512473,1.388,3
P,6,replay,512,1,6006987,3,240380,13458978,1.786,3
P,7,replay,512,1,7137905,14,814409,13160913,6.188,8
P,8,replay,512,1,9233446,26,1589951,16899688,9.408,20
P,9,replay,512,1,7169092,4,372302,13380526,2.782,3
P,10,replay,512,1,7007534,4,250681,12942599,1.937,4
P,11,replay,512,1,7583986,10,212683,14370141,1.48,5
P,12,replay,512,1,7311381,4,295985,13749190,2.153,4
P,13,replay,512,1,7765931,8,452886,15137264,2.992,6
P,14,replay,512,1,6657631,1,108863,12843381,0.848,1
P,15,replay,512,1,8340816,6,206749,15535157,1.331,4
P,16,replay,512,1,8267203,9,493712,15643003,3.156,8
P,17,replay,512,1,6254580,6,370527,12346077,3.001,5
P,18,replay,512,1,7248830,1,27348,13462640,0.203,1
P,19,replay,512,1,9927323,12,778043,16902671,4.603,9
P,20,replay,512,1,7522337,8,247343,14600272,1.694,4
P,21,live,512,4,7362341,1,81016,14191639,0.571,1
P,22,live,512,2,7355979,3,237413,13492867,1.76,3
P,23,live,512,4,7664932,4,54189,13959977,0.388,4
P,24,live,512,1,8961023,2,136852,15103275,0.906,2
P,25,live,512,4,7652218,3,213236,13630093,1.564,3
P,26,live,512,1,8285713,0,0,14747111,0.0,0
P,27,live,512,4,11003001,4,353856,18024938,1.963,4
P,28,live,512,1,8523981,2,15012,14868564,0.101,2
P,29,live,512,4,7812971,1,10824,14210951,0.076,1
P,30,live,512,2,10305910,10,804031,16784146,4.79,10
P,31,live,512,1,8900855,4,258212,15470244,1.669,4
P,32,live,128,1,976624,1,9469,1955980,0.484,1
Pp,21,live,512,4,7395892,3,84837,14155488,0.599,2
Pp,22,live,512,2,7411744,7,443877,13389534,3.315,6
Pp,23,live,512,4,7477518,2,119712,13937588,0.859,2
Pp,24,live,512,2,8465128,3,87426,14816666,0.59,3
Pp,25,live,512,4,7070547,1,85672,13203350,0.649,1
Pp,26,live,512,4,8057622,1,21464,14987615,0.143,1
Pp,27,live,512,3,10042715,0,0,17553003,0.0,0
Pp,28,live,512,4,7939854,2,133340,14397729,0.926,2
Pp,29,live,512,1,7305895,4,102320,13798616,0.742,3
Pp,30,live,512,4,9779908,13,1096872,16148807,6.792,13
Pp,31,live,512,2,8400879,3,159062,15393543,1.033,3
Pp,32,live,512,4,8107929,0,0,14411228,0.0,0
Pp,33,live,512,1,8312827,4,93790,15044644,0.623,1
Pp,34,live,512,4,7270290,2,116996,13550221,0.863,2
Pp,35,live,512,1,8433419,4,356522,15389401,2.317,4
Pt,21,live,512,4,7569237,3,165223,14297966,1.156,3
Pt,22,live,512,1,6930021,2,220361,12929075,1.704,2
Pt,23,live,512,4,7431996,4,66036,14064974,0.47,3
Pt,24,live,512,1,8410156,1,32845,14834321,0.221,1
Pt,25,live,512,4,7190205,0,0,13361653,0.0,0
Pt,26,live,512,1,8242156,1,39513,14937063,0.265,1
Pt,27,live,512,4,11189042,4,19361,18709348,0.103,3
Pt,28,live,512,1,8773910,6,40913,15066997,0.272,3
Pt,29,live,512,4,8318630,0,0,14510454,0.0,0
Pt,30,live,512,2,10117889,0,0,16300036,0.0,0
Pt,31,live,512,4,9330320,1,10673,15678682,0.068,1
Pt,32,live,512,1,10097242,0,0,16084433,0.0,0
Pt,33,live,512,4,10074935,0,0,15948884,0.0,0
Pt,34,live,512,1,9019259,0,0,14644924,0.0,0
Pt,35,live,512,4,9618526,0,0,15351370,0.0,0
Pt,36,live,512,1,9778366,1,37804,15157179,0.249,1
Pt,37,live,512,3,12521597,2,62887,18049369,0.348,2
Pt,38,live,512,1,10120001,2,143187,14952243,0.958,2
Pt,39,live,512,4,11473612,5,202502,17249595,1.174,4
Pt,40,live,512,1,10420514,1,4361,15819159,0.028,1
Pt,41,live,512,4,10731433,2,47524,15830586,0.3,2
Pt,42,live,512,2,9867005,1,10393,14927347,0.07,1
Pt,43,live,512,4,11795246,0,0,17671450,0.0,0
Pt,44,live,512,1,10233799,3,174352,15545103,1.122,3
Pt,45,live,512,4,12696802,0,0,18799863,0.0,0
Pt,46,live,512,1,10027958,6,340187,15572202,2.185,4
Pt,47,live,512,4,12212478,0,0,18253444,0.0,0
Pt,48,live,512,1,11715147,2,165306,18018107,0.917,2
Pt,49,live,512,4,10772531,1,9553,16874726,0.057,1
Pt,50,live,512,1,11384971,1,89601,17723128,0.506,1
Q,1,replay,512,1,6309514,6,270665,13740007,1.97,5
Q,2,replay,512,1,4902501,4,89762,10396272,0.863,3
Q,3,replay,512,1,6747226,4,357198,13489033,2.648,4
Q,4,replay,512,1,7314567,7,308370,14534867,2.122,5
Q,5,replay,512,1,8942732,3,243090,17512473,1.388,3
Q,6,replay,512,1,6006987,3,240380,13458978,1.786,3
Q,7,replay,512,1,7137905,14,814409,13160913,6.188,8
Q,8,replay,512,1,9233446,26,1589951,16899688,9.408,20
Q,9,replay,512,1,7169092,4,372302,13380526,2.782,3
Q,10,replay,512,1,7007534,4,250681,12942599,1.937,4
Q,11,replay,512,1,7583986,10,212683,14370141,1.48,5
Q,12,replay,512,1,7311381,4,295985,13749190,2.153,4
Q,13,replay,512,1,7765931,8,452886,15137264,2.992,6
Q,14,replay,512,1,6657631,1,108863,12843381,0.848,1
Q,15,replay,512,1,8340816,6,206749,15535157,1.331,4
Q,16,replay,512,1,8267203,9,493712,15643003,3.156,8
Q,17,replay,512,1,6254580,6,370527,12346077,3.001,5
Q,18,replay,512,1,7248830,1,27348,13462640,0.203,1
Q,19,replay,512,1,9927323,12,778043,16902671,4.603,9
Q,20,replay,512,1,7522337,8,247343,14600272,1.694,4
Q,21,live,512,4,7301396,1,87168,14226152,0.613,1
Q,22,live,512,1,7207505,0,0,13337268,0.0,0
Q,23,live,512,4,7733132,1,6640,14050280,0.047,1
Q,24,live,512,1,8468372,3,24947,14900876,0.167,3
Q,25,live,512,4,7256765,1,64588,13343940,0.484,1
Q,26,live,512,1,7848198,0,0,14290440,0.0,0
Q,27,live,512,4,10546233,0,0,17625121,0.0,0
Q,28,live,512,1,8063320,0,0,14292656,0.0,0
Q,29,live,512,4,7545724,2,100453,13632704,0.737,2
Q,30,live,512,2,9109701,0,0,15249295,0.0,0
Q,31,live,512,4,8482239,2,10573,14844719,0.071,2
Q,32,live,512,4,8270743,0,0,14354677,0.0,0
Q,33,live,512,3,8406014,0,0,14804965,0.0,0
Q,34,live,400,2,5479309,1,111574,10123749,1.102,1
Qp,21,live,512,4,7618139,2,70259,14409722,0.488,2
Qp,22,live,512,1,7560088,4,363288,13721439,2.648,4
Qp,23,live,512,4,7558674,3,123927,14041637,0.883,3
Qp,24,live,512,1,8233489,0,0,14632267,0.0,0
Qp,25,live,512,4,7090190,1,77382,13369088,0.579,1
Qp,26,live,512,1,7632620,1,21955,14335786,0.153,1
Qp,27,live,512,4,10229077,3,65169,17768154,0.367,3
Qp,28,live,512,1,7942608,3,157303,14479323,1.086,3
Qp,29,live,512,4,7509321,1,5629,13936767,0.04,1
Qp,30,live,512,2,9688986,9,748241,16219228,4.613,9
Qp,31,live,512,2,8024976,0,0,14965426,0.0,0
Qp,32,live,512,4,8201337,13,54154,14796547,0.366,3
Qp,33,live,512,1,8000136,2,74109,14607182,0.507,2
Qp,34,live,512,4,7293392,0,0,13671408,0.0,0
Qp,35,live,512,1,8519090,3,240865,15266187,1.578,3
Qp,36,live,128,1,863879,0,0,1727176,0.0,0
R,1,replay,512,1,5799291,5,77690,13179355,0.589,4
R,2,replay,512,1,4960900,0,0,10915249,0.0,0
R,3,replay,512,1,6799714,3,255809,13355077,1.915,3
R,4,replay,512,1,7347911,4,168848,14373409,1.175,4
R,5,replay,512,1,8875059,3,233637,17218578,1.357,3
R,6,replay,512,1,5851408,5,49233,13221322,0.372,5
R,7,replay,512,1,7169149,7,878168,13056167,6.726,7
R,8,replay,512,1,9090119,24,1551053,16858037,9.201,18
R,9,replay,512,1,7195428,5,216129,13305304,1.624,4
R,10,replay,512,1,6942167,3,157140,13036563,1.205,3
R,11,live,512,4,7773249,7,475292,14362870,3.309,7
R,12,live,512,1,7009427,6,141662,13154118,1.077,3
R,13,live,512,4,7544792,10,520455,14865315,3.501,9
R,14,live,512,1,6349159,5,315265,11779812,2.676,5
R,15,live,512,4,8721223,24,1439682,15108387,9.529,19
R,16,live,512,1,7518758,12,882386,14228300,6.202,10
R,17,live,512,4,5202619,6,549857,10404648,5.285,6
R,18,live,512,1,6517504,8,463439,12188916,3.802,7
R,19,live,512,4,9639745,22,1988754,15526210,12.809,21
R,20,live,512,1,6839632,4,344955,12928388,2.668,4
R,21,live,512,4,6202079,4,192225,12121605,1.586,3
R,22,live,512,2,6491534,10,835481,11329615,7.374,9
R,23,live,512,4,6219081,6,294745,11769294,2.504,3
R,24,live,512,2,7628552,12,865887,12982897,6.669,9
R,25,live,512,3,7236548,13,1236240,12262518,10.081,12
R,26,live,512,1,7341760,9,577674,12548566,4.604,6
Rp,1,replay,512,1,5799291,5,77690,13179355,0.589,4
Rp,2,replay,512,1,4960900,0,0,10915249,0.0,0
Rp,3,replay,512,1,6799714,3,255809,13355077,1.915,3
Rp,4,replay,512,1,7347911,4,168848,14373409,1.175,4
Rp,5,replay,512,1,8875059,3,233637,17218578,1.357,3
Rp,6,replay,512,1,5851408,5,49233,13221322,0.372,5
Rp,7,replay,512,1,7169149,7,878168,13056167,6.726,7
Rp,8,replay,512,1,9090119,24,1551053,16858037,9.201,18
Rp,9,replay,512,1,7195428,5,216129,13305304,1.624,4
Rp,10,replay,512,1,6942167,3,157140,13036563,1.205,3
Rp,11,replay,512,1,7354069,3,199506,13899063,1.435,3
Rp,12,replay,512,1,7262405,6,382151,13412387,2.849,6
Rp,13,replay,512,1,7459771,8,295699,14762734,2.003,6
Rp,14,replay,512,1,6685051,6,311608,12071729,2.581,4
Rp,15,replay,512,1,8685000,18,1122992,14822902,7.576,15
Rp,16,replay,512,1,8771160,19,1445547,15441156,9.362,17
Rp,17,live,512,4,5724036,8,681247,10781702,6.319,6
Rp,18,live,512,1,7138142,10,346117,12681407,2.729,7
Rp,19,live,512,4,10530952,28,2506651,16266755,15.41,26
Rp,20,live,512,1,8065630,23,1424486,13990327,10.182,14
Rp,21,live,512,4,7789102,14,1030447,13826611,7.453,12
Rp,22,live,480,1,6506165,20,1159784,11025373,10.519,16
X,1,replay,512,1,5799291,5,77690,13179355,0.589,4
X,2,replay,512,1,4960900,0,0,10915249,0.0,0
X,3,replay,512,1,6799714,3,255809,13355077,1.915,3
X,4,replay,512,1,7347911,4,168848,14373409,1.175,4
X,5,replay,512,1,8875059,3,233637,17218578,1.357,3
X,6,replay,512,1,5851408,5,49233,13221322,0.372,5
X,7,replay,512,1,7169149,7,878168,13056167,6.726,7
X,8,replay,512,1,9090119,24,1551053,16858037,9.201,18
X,9,replay,512,1,7195428,5,216129,13305304,1.624,4
X,10,replay,512,1,6942167,3,157140,13036563,1.205,3
X,11,live,512,4,7469934,13,399655,13788917,2.898,8
X,12,live,512,2,7559296,14,692596,13845212,5.002,10
X,13,live,512,4,6984998,5,340071,14136855,2.406,5
X,14,live,512,1,6130758,3,209505,11638398,1.8,3
X,15,live,512,4,7341098,4,180705,13272414,1.362,4
X,16,live,512,1,7551796,8,638685,14009897,4.559,7
X,17,live,512,4,5213723,2,111733,10395157,1.075,2
X,18,live,512,1,6459018,0,0,12048074,0.0,0
X,19,live,512,4,8312051,6,578712,14076024,4.111,6
X,20,live,512,2,6427836,2,223807,12238294,1.829,2
X,21,live,512,4,6548366,3,297765,12527902,2.377,3
X,22,live,512,1,6315732,6,461097,11299959,4.081,6
X,23,live,512,4,6213999,2,96347,11758524,0.819,2
X,24,live,512,2,7012372,3,77440,12834953,0.603,3
X,25,live,512,4,6170173,3,123202,11674659,1.055,2
X,26,live,512,2,6878786,1,2882,12265663,0.023,1
X,27,live,512,2,8837391,0,0,15004295,0.0,0
X,28,live,512,4,7477930,2,81734,12564482,0.651,2
X,29,live,512,1,6711623,1,3021,12197061,0.025,1
X,30,live,512,4,8443344,0,0,13786435,0.0,0
X,31,live,512,1,7714829,0,0,13494105,0.0,0
M,1,live,,,,,,,1.97,
M,2,live,,,,,,,0.863,
M,3,live,,,,,,,2.648,
M,4,live,,,,,,,2.122,
M,5,live,,,,,,,1.388,
M,6,live,,,,,,,1.786,
M,7,live,,,,,,,6.188,
M,8,live,,,,,,,9.408,
M,9,live,,,,,,,2.782,
M,10,live,,,,,,,1.937,
M,11,live,,,,,,,1.48,
M,12,live,,,,,,,2.153,
M,13,live,,,,,,,2.992,
M,14,live,,,,,,,0.848,
M,15,live,,,,,,,1.331,
M,16,live,,,,,,,3.156,
M,17,live,,,,,,,3.001,
M,18,live,,,,,,,0.203,
M,19,live,,,,,,,4.603,
M,20,live,,,,,,,1.694,
M,21,live,,,,,,,0.754,
M,22,live,,,,,,,0.351,
M,23,live,,,,,,,0.0,
M,24,live,,,,,,,0.0,
M,25,live,,,,,,,0.614,
M,26,live,,,,,,,0.0,
N,1,live,,,,,,,1.478,
N,2,live,,,,,,,0.0,
N,3,live,,,,,,,1.31,
N,4,live,,,,,,,3.087,
N,5,live,,,,,,,1.984,
N,6,live,,,,,,,2.469,
N,7,live,,,,,,,5.28,
N,8,live,,,,,,,9.091,
N,9,live,,,,,,,2.334,
N,10,live,,,,,,,1.027,
N,11,live,,,,,,,3.718,
N,12,live,,,,,,,1.356,
N,13,live,,,,,,,1.078,
N,14,live,,,,,,,1.919,
N,15,live,,,,,,,1.66,
N,16,live,,,,,,,3.755,
N,17,live,,,,,,,1.117,
N,18,live,,,,,,,0.0,
N,19,live,,,,,,,5.244,
N,20,live,,,,,,,0.891,
N,21,live,,,,,,,1.113,
N,22,live,,,,,,,2.21,
N,23,live,,,,,,,0.0,
N,24,live,,,,,,,0.0,
N,25,live,,,,,,,0.0,
N,26,live,,,,,,,0.0,
G,1,live,,,,,,,0.589,
G,2,live,,,,,,,0.0,
G,3,live,,,,,,,1.915,
G,4,live,,,,,,,1.175,
G,5,live,,,,,,,1.357,
G,6,live,,,,,,,0.372,
G,7,live,,,,,,,6.726,
G,8,live,,,,,,,9.201,
G,9,live,,,,,,,1.624,
G,10,live,,,,,,,1.205,
G,11,live,,,,,,,1.435,
G,12,live,,,,,,,2.849,
G,13,live,,,,,,,2.003,
G,14,live,,,,,,,2.581,
G,15,live,,,,,,,7.576,
G,16,live,,,,,,,9.362,
G,17,live,,,,,,,4.942,
G,18,live,,,,,,,3.043,
G,19,live,,,,,,,9.776,
G,20,live,,,,,,,4.839,
G,21,live,,,,,,,5.88,
G,22,live,,,,,,,8.035,
G,23,live,,,,,,,4.827,
G,24,live,,,,,,,9.632,
G,25,live,,,,,,,10.278,
G,26,live,,,,,,,8.375,
G,27,live,,,,,,,14.462,
G,28,live,,,,,,,9.398,
G,29,live,,,,,,,12.492,
G,30,live,,,,,,,20.888,
G,31,live,,,,,,,14.021,
G,32,live,,,,,,,9.381,
G,33,live,,,,,,,15.039,
G,34,live,,,,,,,13.114,
G,35,live,,,,,,,28.044,
G,36,live,,,,,,,25.627,
I,1,live,,,,,,,1.941,
I,2,live,,,,,,,0.945,
I,3,live,,,,,,,0.416,
I,4,live,,,,,,,2.405,
I,5,live,,,,,,,1.789,
I,6,live,,,,,,,2.876,
I,7,live,,,,,,,4.594,
I,8,live,,,,,,,12.81,
I,9,live,,,,,,,0.693,
I,10,live,,,,,,,1.74,
I,11,live,,,,,,,2.002,
I,12,live,,,,,,,4.311,
I,13,live,,,,,,,1.821,
I,14,live,,,,,,,2.568,
I,15,live,,,,,,,3.525,
I,16,live,,,,,,,4.168,
I,17,live,,,,,,,1.993,
I,18,live,,,,,,,1.92,
I,19,live,,,,,,,8.603,
I,20,live,,,,,,,0.347,
I,21,live,,,,,,,2.429,
I,22,live,,,,,,,5.113,
I,23,live,,,,,,,1.862,
I,24,live,,,,,,,6.733,
I,25,live,,,,,,,10.527,
I,26,live,,,,,,,6.228,
I,27,live,,,,,,,11.106,
I,28,live,,,,,,,10.976,
I,29,live,,,,,,,7.601,
I,30,live,,,,,,,19.532,
I,31,live,,,,,,,17.003,
I,32,live,,,,,,,21.485,
I,33,live,,,,,,,9.166,
I,34,live,,,,,,,10.95,
I,35,live,,,,,,,20.461,
I,36,live,,,,,,,17.441,
I,37,live,,,,,,,26.052,
J,1,live,,,,,,,1.83,
J,2,live,,,,,,,1.915,
J,3,live,,,,,,,3.97,
J,4,live,,,,,,,3.388,
J,5,live,,,,,,,0.0,
J,6,live,,,,,,,0.7,
J,7,live,,,,,,,3.314,
J,8,live,,,,,,,10.915,
J,9,live,,,,,,,3.067,
J,10,live,,,,,,,0.299,
J,11,live,,,,,,,5.14,
J,12,live,,,,,,,0.056,
J,13,live,,,,,,,1.206,
J,14,live,,,,,,,3.424,
J,15,live,,,,,,,1.87,
J,16,live,,,,,,,2.339,
J,17,live,,,,,,,2.573,
J,18,live,,,,,,,1.559,
J,19,live,,,,,,,9.132,
J,20,live,,,,,,,1.998,
J,21,live,,,,,,,0.472,
J,22,live,,,,,,,2.854,
J,23,live,,,,,,,0.455,
J,24,live,,,,,,,0.176,
J,25,live,,,,,,,0.046,
J,26,live,,,,,,,0.56,
J,27,live,,,,,,,1.285,
J,28,live,,,,,,,0.0,
J,29,live,,,,,,,0.0,
J,30,live,,,,,,,1.83,
J,31,live,,,,,,,0.177,
J,32,live,,,,,,,2.936,
J,33,live,,,,,,,0.0,
J,34,live,,,,,,,0.0,
J,35,live,,,,,,,0.258,
J,36,live,,,,,,,0.0,
J,37,live,,,,,,,0.084,
J,38,live,,,,,,,0.354,
J,39,live,,,,,,,0.0,
J,40,live,,,,,,,0.0,
J,41,live,,,,,,,0.566,
J,42,live,,,,,,,0.0,
J,43,live,,,,,,,0.0,
J,44,live,,,,,,,0.0,
J,45,live,,,,,,,0.034,
J,46,live,,,,,,,0.0,
J,47,live,,,,,,,0.441,
J,48,live,,,,,,,0.0,
J,49,live,,,,,,,0.208,
J,50,live,,,,,,,0.675,
A,1,live,,,,,,,3.467,
A,2,live,,,,,,,2.467,
A,3,live,,,,,,,0.0,
A,4,live,,,,,,,0.68,
A,5,live,,,,,,,0.838,
A,6,live,,,,,,,0.0,
A,7,live,,,,,,,2.72,
A,8,live,,,,,,,7.513,
A,9,live,,,,,,,0.0,
A,10,live,,,,,,,1.809,
A,11,live,,,,,,,3.689,
A,12,live,,,,,,,1.175,
A,13,live,,,,,,,1.137,
A,14,live,,,,,,,1.004,
A,15,live,,,,,,,2.439,
A,16,live,,,,,,,1.542,
A,17,live,,,,,,,0.961,
A,18,live,,,,,,,0.71,
A,19,live,,,,,,,3.902,
A,20,live,,,,,,,0.0,
A,21,live,,,,,,,0.0,
A,22,live,,,,,,,0.0,
A,23,live,,,,,,,0.027,
A,24,live,,,,,,,0.0,
A,25,live,,,,,,,0.991,
A,26,live,,,,,,,0.0,
A,27,live,,,,,,,0.11,
A,28,live,,,,,,,0.095,
A,29,live,,,,,,,0.097,
A,30,live,,,,,,,0.509,
A,31,live,,,,,,,0.559,
A,32,live,,,,,,,0.579,
A,33,live,,,,,,,0.0,
A,34,live,,,,,,,0.261,
A,35,live,,,,,,,0.118,
A,36,live,,,,,,,1.071,
A,37,live,,,,,,,0.668,
A,38,live,,,,,,,0.124,
A,39,live,,,,,,,0.353,
A,40,live,,,,,,,3.072,
A,41,live,,,,,,,0.041,
A,42,live,,,,,,,0.087,
A,43,live,,,,,,,0.0,
A,44,live,,,,,,,0.0,
K,1,live,,,,,,,0.504,
K,2,live,,,,,,,3.684,
K,3,live,,,,,,,1.494,
K,4,live,,,,,,,1.897,
K,5,live,,,,,,,3.466,
K,6,live,,,,,,,2.371,
K,7,live,,,,,,,4.443,
K,8,live,,,,,,,9.69,
K,9,live,,,,,,,3.431,
K,10,live,,,,,,,0.707,
K,11,live,,,,,,,4.59,
K,12,live,,,,,,,3.771,
K,13,live,,,,,,,0.451,
K,14,live,,,,,,,2.233,
K,15,live,,,,,,,2.507,
K,16,live,,,,,,,1.85,
K,17,live,,,,,,,1.813,
K,18,live,,,,,,,0.0,
K,19,live,,,,,,,6.11,
K,20,live,,,,,,,0.132,
K,21,live,,,,,,,0.499,
K,22,live,,,,,,,0.0,
K,23,live,,,,,,,1.13,
K,24,live,,,,,,,0.0,
K,25,live,,,,,,,0.609,
K,26,live,,,,,,,0.319,
K,27,live,,,,,,,0.0,
K,28,live,,,,,,,1.092,
D,11,live,,,,,,,1.897,
D,12,live,,,,,,,0.0,
D,13,live,,,,,,,0.87,
D,14,live,,,,,,,2.985,
D,15,live,,,,,,,7.314,
D,16,live,,,,,,,3.44,
D,17,live,,,,,,,4.378,
D,18,live,,,,,,,1.639,
D,19,live,,,,,,,9.344,
D,20,live,,,,,,,4.564,
D,21,live,,,,,,,4.522,
D,22,live,,,,,,,11.266,
D,23,live,,,,,,,9.308,
D,24,live,,,,,,,6.306,
D,25,live,,,,,,,17.8,
D,26,live,,,,,,,12.67,
D,27,live,,,,,,,29.204,
D,28,live,,,,,,,24.047,
D,29,live,,,,,,,26.449,
D,30,live,,,,,,,29.192,
