arm,step,rows,gen_tokens,reasoning_tokens,joint_pct,strict_pct,repetitive_blocks,rep_adv_pos,rep_adv_neg,rep_adv_zero,runaway_blocks,truncated_rollouts,block_max_tokens
VH,1,512,13470660,6092558,2.29,5.062,5,0,2,3,8,11,84795
VH,2,512,10570273,4849751,0.614,1.338,2,0,0,2,1,1,55110
VH,3,512,13239936,6709187,0.967,1.908,4,0,0,4,0,0,81068
VH,4,512,14200064,7137822,1.709,3.401,6,0,2,4,7,8,115472
VH,5,512,14898037,7421102,0.0,0.0,0,0,0,0,1,1,13960
VH,6,512,8805101,3848950,0.0,0.0,0,0,0,0,0,0,105641
VH2,1,512,10705431,4689281,0.0,0.0,0,0,0,0,0,0,7717
VH2,2,512,9246533,4319815,0.0,0.0,0,0,0,0,0,0,10244
VH2,3,256,3490721,1559739,0.0,0.0,0,0,0,0,0,0,11752
VH3,1,512,10500510,4558476,0.831,1.914,1,0,1,0,1,1,87235
VH3,2,512,8663161,4061038,1.36,2.901,2,1,0,1,1,1,112932
VH3,3,512,8803996,4417771,0.0,0.0,0,0,0,0,0,0,26121
